-- Delete any existing tables (to reset the database from scratch)
DROP TABLE IF EXISTS order_item;
DROP TABLE IF EXISTS orders;
DROP TABLE IF EXISTS shoppingcart_item;
DROP TABLE IF EXISTS shoppingcart;
DROP TABLE IF EXISTS product;
DROP TABLE IF EXISTS users;

-- Create ShoppingCart table
CREATE TABLE shoppingcart (
  id INT AUTO_INCREMENT PRIMARY KEY,
  updated_at TIMESTAMP DEFAULT CURRENT_TIMESTAMP ON UPDATE CURRENT_TIMESTAMP
);

-- Create User table
CREATE TABLE users (
  id INT AUTO_INCREMENT PRIMARY KEY,
  email VARCHAR(255) UNIQUE NOT NULL,
  shopping_cart_id INT UNIQUE NOT NULL,
  handphone_no VARCHAR(20),
  address VARCHAR(255),
  first_name VARCHAR(50),
  last_name VARCHAR(50),
  password VARCHAR(255) NOT NULL,
  role VARCHAR(50),
  FOREIGN KEY (shopping_cart_id) REFERENCES shoppingcart(id)
);
-- Create Product table
CREATE TABLE product (
  id INT AUTO_INCREMENT PRIMARY KEY,
  name VARCHAR(255) NOT NULL,
  unit_price FLOAT NOT NULL,
  category VARCHAR(100),
  stock INT NOT NULL
);
-- Create Order table
CREATE TABLE orders (
  id INT AUTO_INCREMENT PRIMARY KEY,
  user_id INT,
  fulfilment_date DATE,
  status VARCHAR(50),
  payment_method VARCHAR(50),
  create_at TIMESTAMP DEFAULT CURRENT_TIMESTAMP,
  FOREIGN KEY (user_id) REFERENCES users(id)
);
-- Create OrderItem table (junction table for Order and Product)
CREATE TABLE order_item (
  id INT AUTO_INCREMENT PRIMARY KEY,
  order_id INT,
  product_id INT,
  quantity INT NOT NULL,
  transacted_unit_price FLOAT NOT NULL, -- Store price at the time of order
  FOREIGN KEY (order_id) REFERENCES orders(id),
  FOREIGN KEY (product_id) REFERENCES product(id)
);
-- Create ShoppingCartItems table (junction table for ShoppingCart and Product)
CREATE TABLE shoppingcart_item (
  id INT AUTO_INCREMENT PRIMARY KEY,
  product_id INT,
  shopping_cart_id INT,
  quantity INT NOT NULL,
  FOREIGN KEY (shopping_cart_id) REFERENCES shoppingcart(id),
  FOREIGN KEY (product_id) REFERENCES product(id)
);

-- Sample Data Generation
-- Order: shoppingcart, product, users, orders, order_item, shoppingcart_item

-- =============================================
-- shoppingcart Table (20 entries)
-- =============================================
INSERT INTO shoppingcart (id, updated_at) VALUES
(1, '2023-10-26 10:00:00'),
(2, '2023-10-26 10:05:00'),
(3, '2023-10-26 10:10:00'),
(4, '2023-10-26 10:15:00'),
(5, '2023-10-26 10:20:00'),
(6, '2023-10-26 10:25:00'),
(7, '2023-10-26 10:30:00'),
(8, '2023-10-26 10:35:00'),
(9, '2023-10-26 10:40:00'),
(10, '2023-10-26 10:45:00'),
(11, '2023-10-26 10:50:00'),
(12, '2023-10-26 10:55:00'),
(13, '2023-10-26 11:00:00'),
(14, '2023-10-26 11:05:00'),
(15, '2023-10-26 11:10:00'),
(16, '2023-10-26 11:15:00'),
(17, '2023-10-26 11:20:00'),
(18, '2023-10-26 11:25:00'),
(19, '2023-10-26 11:30:00'),
(20, '2023-10-26 11:35:00');

-- =============================================
-- product Table (50 entries)
-- =============================================
INSERT INTO product (id, name, unit_price, category, stock) VALUES
(1, 'Laptop Pro X1', 1499.99, 'Electronics', 50),
(2, 'Wireless Optical Mouse', 24.50, 'Electronics', 200),
(3, 'Mechanical Keyboard RGB', 89.90, 'Electronics', 150),
(4, '4K Ultra HD Monitor 27 inch', 349.00, 'Electronics', 75),
(5, 'USB-C Hub Adapter', 35.00, 'Electronics', 300),
(6, 'Organic Whole Bean Coffee 1kg', 18.75, 'Groceries', 500),
(7, 'Artisan Sourdough Bread', 6.50, 'Groceries', 100),
(8, 'Fresh Orange Juice 1L', 4.20, 'Groceries', 250),
(9, 'Imported Cheddar Cheese 200g', 7.80, 'Groceries', 180),
(10, 'Natural Spring Water 6x1.5L', 5.99, 'Groceries', 400),
(11, 'Mens Cotton T-Shirt - Blue', 19.95, 'Clothing', 300),
(12, 'Womens Running Shoes - Size 7', 75.00, 'Clothing', 120),
(13, 'Classic Denim Jeans - W32 L32', 55.00, 'Clothing', 160),
(14, 'Silk Scarf - Floral Pattern', 29.50, 'Clothing', 90),
(15, 'Leather Belt - Brown', 40.00, 'Clothing', 200),
(16, 'The Midnight Library Novel', 15.99, 'Books', 250),
(17, 'Introduction to Python Programming', 45.50, 'Books', 100),
(18, 'World Atlas Geographic', 32.00, 'Books', 80),
(19, 'Cookbook: Quick Weeknight Meals', 22.80, 'Books', 150),
(20, 'Childrens Picture Book: The Lost Star', 12.99, 'Books', 300),
(21, 'Stainless Steel Cookware Set', 199.00, 'Home Goods', 60),
(22, 'Memory Foam Pillow', 49.99, 'Home Goods', 180),
(23, 'Bamboo Bath Towel Set - Grey', 38.50, 'Home Goods', 220),
(24, 'LED Desk Lamp with USB Port', 28.00, 'Home Goods', 140),
(25, 'Aroma Therapy Diffuser', 33.25, 'Home Goods', 190),
(26, 'Smartphone Holder for Car', 14.99, 'Accessories', 400),
(27, 'Portable Bluetooth Speaker', 65.00, 'Electronics', 110),
(28, 'Gaming Headset with Mic', 79.95, 'Electronics', 95),
(29, 'Webcam Full HD 1080p', 55.00, 'Electronics', 130),
(30, 'External SSD 1TB', 120.00, 'Electronics', 85),
(31, 'Gluten-Free Pasta 500g', 3.90, 'Groceries', 350),
(32, 'Organic Mixed Nuts 250g', 9.50, 'Groceries', 280),
(33, 'Extra Virgin Olive Oil 500ml', 12.75, 'Groceries', 210),
(34, 'Dark Chocolate Bar 70%', 4.50, 'Groceries', 600),
(35, 'Herbal Tea Selection Box', 8.99, 'Groceries', 320),
(36, 'Mens Wool Sweater - Grey', 85.00, 'Clothing', 100),
(37, 'Womens Yoga Pants - Black M', 39.99, 'Clothing', 170),
(38, 'Kids Rain Jacket - Yellow Age 5', 30.00, 'Clothing', 130),
(39, 'Sports Socks - 3 Pack', 12.50, 'Clothing', 400),
(40, 'Canvas Tote Bag - Natural', 9.90, 'Accessories', 500),
(41, 'Sci-Fi Anthology: Distant Suns', 18.50, 'Books', 110),
(42, 'History of Ancient Rome', 38.00, 'Books', 70),
(43, 'Gardening for Beginners Guide', 21.00, 'Books', 160),
(44, 'Mindfulness and Meditation Handbook', 16.75, 'Books', 200),
(45, 'Graphic Novel: Cyber City', 25.00, 'Books', 90),
(46, 'Non-Stick Frying Pan 10 inch', 29.95, 'Home Goods', 150),
(47, 'Electric Kettle 1.7L', 42.00, 'Home Goods', 120),
(48, 'Wall Clock Modern Design', 35.50, 'Home Goods', 100),
(49, 'Set of 4 Ceramic Mugs', 26.00, 'Home Goods', 250),
(50, 'Plush Throw Blanket - Cream', 31.80, 'Home Goods', 180);

-- =============================================
-- users Table (20 entries)
-- =============================================
INSERT INTO users (id, email, shopping_cart_id, handphone_no, address, first_name, last_name, password, role) VALUES
(1, 'alice.johnson@email.com', 1, '91112233', '123 Oak Street, Anytown', 'Alice', 'Johnson', 'hashed_pw_aj', 'customer'),
(2, 'bob.williams@email.com', 2, '92223344', '456 Pine Avenue, Anytown', 'Bob', 'Williams', 'hashed_pw_bw', 'customer'),
(3, 'charlie.brown@email.com', 3, '93334455', '789 Maple Drive, Anytown', 'Charlie', 'Brown', 'hashed_pw_cb', 'customer'),
(4, 'diana.davis@email.com', 4, '94445566', '101 Birch Lane, Anytown', 'Diana', 'Davis', 'hashed_pw_dd', 'customer'),
(5, 'ethan.miller@email.com', 5, '95556677', '202 Cedar Road, Anytown', 'Ethan', 'Miller', 'hashed_pw_em', 'customer'),
(6, 'fiona.wilson@email.com', 6, '96667788', '303 Elm Street, Anytown', 'Fiona', 'Wilson', 'hashed_pw_fw', 'customer'),
(7, 'george.moore@email.com', 7, '97778899', '404 Spruce Court, Anytown', 'George', 'Moore', 'hashed_pw_gm', 'customer'),
(8, 'hannah.taylor@email.com', 8, '98889900', '505 Willow Way, Anytown', 'Hannah', 'Taylor', 'hashed_pw_ht', 'customer'),
(9, 'ian.anderson@email.com', 9, '91231234', '606 Aspen Circle, Anytown', 'Ian', 'Anderson', 'hashed_pw_ia', 'customer'),
(10, 'judy.thomas@email.com', 10, '92342345', '707 Redwood Place, Anytown', 'Judy', 'Thomas', 'hashed_pw_jt', 'customer'),
(11, 'kevin.jackson@email.com', 11, '93453456', '808 Sequoia Trail, Anytown', 'Kevin', 'Jackson', 'hashed_pw_kj', 'customer'),
(12, 'linda.white@email.com', 12, '94564567', '909 Fir Grove, Anytown', 'Linda', 'White', 'hashed_pw_lw', 'customer'),
(13, 'michael.harris@email.com', 13, '95675678', '111 Hemlock Path, Anytown', 'Michael', 'Harris', 'hashed_pw_mh', 'customer'),
(14, 'nancy.martin@email.com', 14, '96786789', '222 Juniper Bend, Anytown', 'Nancy', 'Martin', 'hashed_pw_nm', 'customer'),
(15, 'oliver.thompson@email.com', 15, '97897890', '333 Larch Loop, Anytown', 'Oliver', 'Thompson', 'hashed_pw_ot', 'customer'),
(16, 'paula.garcia@email.com', 16, '98908901', '444 Magnolia Corner, Anytown', 'Paula', 'Garcia', 'hashed_pw_pg', 'customer'),
(17, 'quentin.martinez@email.com', 17, '99019012', '555 Sycamore Square, Anytown', 'Quentin', 'Martinez', 'hashed_pw_qm', 'customer'),
(18, 'rachel.robinson@email.com', 18, '90120123', '666 Chestnut Cross, Anytown', 'Rachel', 'Robinson', 'hashed_pw_rr', 'customer'),
(19, 'steven.clark@email.com', 19, '91231122', '777 Poplar Point, Anytown', 'Steven', 'Clark', 'hashed_pw_sc', 'admin'),
(20, 'tracy.rodriguez@email.com', 20, '92342233', '888 Alder Alcove, Anytown', 'Tracy', 'Rodriguez', 'hashed_pw_tr', 'customer');

-- =============================================
-- orders Table (100 entries)
-- =============================================
INSERT INTO orders (id, user_id, fulfilment_date, status, payment_method, create_at) VALUES
(1, 1, '2023-10-28', 'Completed', 'Credit Card', '2023-10-26 11:00:00'),
(2, 3, '2023-10-29', 'Shipped', 'PayPal', '2023-10-26 11:15:00'),
(3, 5, '2023-10-30', 'Pending', 'Credit Card', '2023-10-26 11:30:00'),
(4, 2, '2023-10-29', 'Completed', 'Bank Transfer', '2023-10-27 09:05:00'),
(5, 8, '2023-10-31', 'Shipped', 'Credit Card', '2023-10-27 09:45:00'),
(6, 10, '2023-11-01', 'Completed', 'PayPal', '2023-10-27 10:10:00'),
(7, 1, '2023-11-02', 'Shipped', 'Credit Card', '2023-10-28 14:00:00'),
(8, 15, '2023-11-03', 'Pending', 'Bank Transfer', '2023-10-28 15:30:00'),
(9, 7, '2023-11-01', 'Completed', 'Credit Card', '2023-10-29 08:20:00'),
(10, 12, '2023-11-04', 'Shipped', 'PayPal', '2023-10-29 11:00:00'),
(11, 4, '2023-11-02', 'Completed', 'Credit Card', '2023-10-30 10:00:00'),
(12, 18, '2023-11-05', 'Shipped', 'Credit Card', '2023-10-30 12:15:00'),
(13, 9, '2023-11-03', 'Completed', 'Bank Transfer', '2023-10-31 09:30:00'),
(14, 6, '2023-11-06', 'Pending', 'PayPal', '2023-10-31 13:00:00'),
(15, 11, '2023-11-04', 'Completed', 'Credit Card', '2023-11-01 11:11:00'),
(16, 19, '2023-11-07', 'Shipped', 'Credit Card', '2023-11-01 14:20:00'),
(17, 13, '2023-11-05', 'Completed', 'PayPal', '2023-11-02 10:45:00'),
(18, 20, '2023-11-08', 'Shipped', 'Bank Transfer', '2023-11-02 16:00:00'),
(19, 1, '2023-11-06', 'Completed', 'Credit Card', '2023-11-03 09:00:00'),
(20, 16, '2023-11-09', 'Pending', 'Credit Card', '2023-11-03 11:35:00'),
(21, 5, '2023-11-07', 'Completed', 'PayPal', '2023-11-04 10:15:00'),
(22, 14, '2023-11-10', 'Shipped', 'Credit Card', '2023-11-04 13:40:00'),
(23, 3, '2023-11-08', 'Completed', 'Bank Transfer', '2023-11-05 08:55:00'),
(24, 17, '2023-11-11', 'Shipped', 'PayPal', '2023-11-05 12:05:00'),
(25, 8, '2023-11-09', 'Completed', 'Credit Card', '2023-11-06 14:50:00'),
(26, 2, '2023-11-12', 'Pending', 'Credit Card', '2023-11-06 15:00:00'),
(27, 10, '2023-11-10', 'Completed', 'Bank Transfer', '2023-11-07 10:20:00'),
(28, 7, '2023-11-13', 'Shipped', 'PayPal', '2023-11-07 11:45:00'),
(29, 15, '2023-11-11', 'Completed', 'Credit Card', '2023-11-08 09:10:00'),
(30, 12, '2023-11-14', 'Shipped', 'Credit Card', '2023-11-08 13:30:00'),
(31, 4, '2023-11-12', 'Completed', 'PayPal', '2023-11-09 16:00:00'),
(32, 18, '2023-11-15', 'Pending', 'Bank Transfer', '2023-11-09 17:00:00'),
(33, 9, '2023-11-13', 'Completed', 'Credit Card', '2023-11-10 10:30:00'),
(34, 6, '2023-11-16', 'Shipped', 'PayPal', '2023-11-10 12:45:00'),
(35, 11, '2023-11-14', 'Completed', 'Credit Card', '2023-11-11 09:50:00'),
(36, 19, '2023-11-17', 'Shipped', 'Credit Card', '2023-11-11 11:05:00'),
(37, 13, '2023-11-15', 'Completed', 'Bank Transfer', '2023-11-12 14:15:00'),
(38, 20, '2023-11-18', 'Pending', 'PayPal', '2023-11-12 15:25:00'),
(39, 1, '2023-11-16', 'Completed', 'Credit Card', '2023-11-13 10:00:00'),
(40, 16, '2023-11-19', 'Shipped', 'Credit Card', '2023-11-13 12:20:00'),
(41, 5, '2023-11-17', 'Completed', 'PayPal', '2023-11-14 09:35:00'),
(42, 14, '2023-11-20', 'Shipped', 'Bank Transfer', '2023-11-14 11:50:00'),
(43, 3, '2023-11-18', 'Completed', 'Credit Card', '2023-11-15 13:05:00'),
(44, 17, '2023-11-21', 'Pending', 'PayPal', '2023-11-15 14:40:00'),
(45, 8, '2023-11-19', 'Completed', 'Credit Card', '2023-11-16 10:55:00'),
(46, 2, '2023-11-22', 'Shipped', 'Credit Card', '2023-11-16 12:10:00'),
(47, 10, '2023-11-20', 'Completed', 'Bank Transfer', '2023-11-17 15:00:00'),
(48, 7, '2023-11-23', 'Shipped', 'PayPal', '2023-11-17 16:30:00'),
(49, 15, '2023-11-21', 'Completed', 'Credit Card', '2023-11-18 11:20:00'),
(50, 12, '2023-11-24', 'Pending', 'Credit Card', '2023-11-18 13:45:00'),
(51, 4, '2023-11-22', 'Completed', 'PayPal', '2023-11-19 10:05:00'),
(52, 18, '2023-11-25', 'Shipped', 'Bank Transfer', '2023-11-19 12:15:00'),
(53, 9, '2023-11-23', 'Completed', 'Credit Card', '2023-11-20 14:25:00'),
(54, 6, '2023-11-26', 'Shipped', 'PayPal', '2023-11-20 15:50:00'),
(55, 11, '2023-11-24', 'Completed', 'Credit Card', '2023-11-21 11:30:00'),
(56, 19, '2023-11-27', 'Pending', 'Credit Card', '2023-11-21 13:35:00'),
(57, 13, '2023-11-25', 'Completed', 'Bank Transfer', '2023-11-22 10:40:00'),
(58, 20, '2023-11-28', 'Shipped', 'PayPal', '2023-11-22 12:55:00'),
(59, 1, '2023-11-26', 'Completed', 'Credit Card', '2023-11-23 16:10:00'),
(60, 16, '2023-11-29', 'Shipped', 'Credit Card', '2023-11-23 17:20:00'),
(61, 5, '2023-11-27', 'Completed', 'PayPal', '2023-11-24 11:00:00'),
(62, 14, '2023-11-30', 'Pending', 'Bank Transfer', '2023-11-24 13:10:00'),
(63, 3, '2023-11-28', 'Completed', 'Credit Card', '2023-11-25 10:15:00'),
(64, 17, '2023-12-01', 'Shipped', 'PayPal', '2023-11-25 12:30:00'),
(65, 8, '2023-11-29', 'Completed', 'Credit Card', '2023-11-26 14:35:00'),
(66, 2, '2023-12-02', 'Shipped', 'Credit Card', '2023-11-26 15:45:00'),
(67, 10, '2023-11-30', 'Completed', 'Bank Transfer', '2023-11-27 11:50:00'),
(68, 7, '2023-12-03', 'Pending', 'PayPal', '2023-11-27 13:00:00'),
(69, 15, '2023-12-01', 'Completed', 'Credit Card', '2023-11-28 10:00:00'),
(70, 12, '2023-12-04', 'Shipped', 'Credit Card', '2023-11-28 12:00:00'),
(71, 4, '2023-12-02', 'Completed', 'PayPal', '2023-11-29 14:00:00'),
(72, 18, '2023-12-05', 'Shipped', 'Bank Transfer', '2023-11-29 15:10:00'),
(73, 9, '2023-12-03', 'Completed', 'Credit Card', '2023-11-30 11:10:00'),
(74, 6, '2023-12-06', 'Pending', 'PayPal', '2023-11-30 13:20:00'),
(75, 11, '2023-12-04', 'Completed', 'Credit Card', '2023-12-01 10:25:00'),
(76, 19, '2023-12-07', 'Shipped', 'Credit Card', '2023-12-01 12:35:00'),
(77, 13, '2023-12-05', 'Completed', 'Bank Transfer', '2023-12-02 14:45:00'),
(78, 20, '2023-12-08', 'Shipped', 'PayPal', '2023-12-02 15:55:00'),
(79, 1, '2023-12-06', 'Completed', 'Credit Card', '2023-12-03 11:40:00'),
(80, 16, '2023-12-09', 'Pending', 'Credit Card', '2023-12-03 13:50:00'),
(81, 5, '2023-12-07', 'Completed', 'PayPal', '2023-12-04 10:50:00'),
(82, 14, '2023-12-10', 'Shipped', 'Bank Transfer', '2023-12-04 12:00:00'),
(83, 3, '2023-12-08', 'Completed', 'Credit Card', '2023-12-05 14:10:00'),
(84, 17, '2023-12-11', 'Shipped', 'PayPal', '2023-12-05 15:20:00'),
(85, 8, '2023-12-09', 'Completed', 'Credit Card', '2023-12-06 11:30:00'),
(86, 2, '2023-12-12', 'Pending', 'Credit Card', '2023-12-06 13:40:00'),
(87, 10, '2023-12-10', 'Completed', 'Bank Transfer', '2023-12-07 10:35:00'),
(88, 7, '2023-12-13', 'Shipped', 'PayPal', '2023-12-07 12:45:00'),
(89, 15, '2023-12-11', 'Completed', 'Credit Card', '2023-12-08 14:55:00'),
(90, 12, '2023-12-14', 'Shipped', 'Credit Card', '2023-12-08 16:05:00'),
(91, 4, '2023-12-12', 'Completed', 'PayPal', '2023-12-09 11:55:00'),
(92, 18, '2023-12-15', 'Pending', 'Bank Transfer', '2023-12-09 13:05:00'),
(93, 9, '2023-12-13', 'Completed', 'Credit Card', '2023-12-10 10:00:00'),
(94, 6, '2023-12-16', 'Shipped', 'PayPal', '2023-12-10 12:10:00'),
(95, 11, '2023-12-14', 'Completed', 'Credit Card', '2023-12-11 14:20:00'),
(96, 19, '2023-12-17', 'Shipped', 'Credit Card', '2023-12-11 15:30:00'),
(97, 13, '2023-12-15', 'Completed', 'Bank Transfer', '2023-12-12 11:40:00'),
(98, 20, '2023-12-18', 'Pending', 'PayPal', '2023-12-12 13:50:00'),
(99, 1, '2023-12-16', 'Completed', 'Credit Card', '2023-12-13 10:45:00'),
(100, 16, '2023-12-19', 'Shipped', 'Credit Card', '2023-12-13 12:55:00');

-- =============================================
-- order_item Table (200 entries)
-- =============================================
INSERT INTO order_item (id, order_id, product_id, quantity, transacted_unit_price) VALUES
(1, 1, 6, 1, 18.75), (2, 1, 7, 2, 6.50),
(3, 2, 11, 1, 19.95), (4, 2, 15, 1, 40.00),
(5, 3, 2, 1, 24.50), (6, 3, 5, 1, 35.00),
(7, 4, 21, 1, 199.00),
(8, 5, 12, 1, 75.00), (9, 5, 39, 1, 12.50),
(10, 6, 16, 1, 15.99), (11, 6, 20, 1, 12.99),
(12, 7, 33, 2, 12.75), (13, 7, 31, 3, 3.90),
(14, 8, 46, 1, 29.95), (15, 8, 49, 1, 26.00),
(16, 9, 27, 1, 65.00),
(17, 10, 37, 1, 39.99), (18, 10, 40, 2, 9.90),
(19, 11, 8, 2, 4.20), (20, 11, 10, 1, 5.99),
(21, 12, 28, 1, 79.95), (22, 12, 29, 1, 55.00),
(23, 13, 42, 1, 38.00),
(24, 14, 14, 1, 29.50), (25, 14, 36, 1, 85.00),
(26, 15, 22, 2, 49.99),
(27, 16, 1, 1, 1499.99), (28, 16, 4, 1, 349.00),
(29, 17, 32, 1, 9.50), (30, 17, 34, 5, 4.50),
(31, 18, 47, 1, 42.00), (32, 18, 48, 1, 35.50),
(33, 19, 9, 1, 7.80), (34, 19, 35, 1, 8.99),
(35, 20, 13, 1, 55.00), (36, 20, 15, 1, 40.00),
(37, 21, 17, 1, 45.50),
(38, 22, 23, 1, 38.50), (39, 22, 50, 1, 31.80),
(40, 23, 3, 1, 89.90),
(41, 24, 41, 1, 18.50), (42, 24, 45, 1, 25.00),
(43, 25, 24, 1, 28.00), (44, 25, 25, 1, 33.25),
(45, 26, 6, 2, 18.75),
(46, 27, 18, 1, 32.00), (47, 27, 19, 1, 22.80),
(48, 28, 26, 1, 14.99), (49, 28, 30, 1, 120.00),
(50, 29, 38, 1, 30.00),
(51, 30, 43, 1, 21.00), (52, 30, 44, 1, 16.75),
(53, 31, 7, 1, 6.50), (54, 31, 8, 3, 4.20),
(55, 32, 11, 2, 19.95),
(56, 33, 21, 1, 199.00), (57, 33, 46, 1, 29.95),
(58, 34, 12, 1, 75.00),
(59, 35, 16, 2, 15.99), (60, 35, 17, 1, 45.50),
(61, 36, 2, 1, 24.50), (62, 36, 3, 1, 89.90),
(63, 37, 31, 2, 3.90), (64, 37, 33, 1, 12.75),
(65, 38, 40, 3, 9.90),
(66, 39, 27, 1, 65.00), (67, 39, 29, 1, 55.00),
(68, 40, 37, 1, 39.99),
(69, 41, 9, 2, 7.80), (70, 41, 10, 1, 5.99),
(71, 42, 14, 1, 29.50), (72, 42, 15, 1, 40.00),
(73, 43, 22, 1, 49.99), (74, 43, 23, 1, 38.50),
(75, 44, 4, 1, 349.00),
(76, 45, 32, 2, 9.50), (77, 45, 34, 3, 4.50),
(78, 46, 47, 1, 42.00),
(79, 47, 6, 1, 18.75), (80, 47, 35, 2, 8.99),
(81, 48, 13, 1, 55.00),
(82, 49, 18, 1, 32.00), (83, 49, 42, 1, 38.00),
(84, 50, 24, 1, 28.00),
(85, 51, 5, 2, 35.00), (86, 51, 26, 1, 14.99),
(87, 52, 30, 1, 120.00),
(88, 53, 38, 2, 30.00), (89, 53, 39, 1, 12.50),
(90, 54, 41, 1, 18.50),
(91, 55, 7, 3, 6.50), (92, 55, 8, 1, 4.20),
(93, 56, 11, 1, 19.95), (94, 56, 15, 1, 40.00),
(95, 57, 20, 2, 12.99),
(96, 58, 46, 1, 29.95), (97, 58, 49, 1, 26.00),
(98, 59, 12, 1, 75.00),
(99, 60, 16, 1, 15.99), (100, 60, 44, 1, 16.75),
(101, 61, 2, 1, 24.50), (102, 61, 5, 1, 35.00),
(103, 62, 21, 1, 199.00),
(104, 63, 33, 1, 12.75), (105, 63, 31, 4, 3.90),
(106, 64, 40, 1, 9.90), (107, 64, 50, 1, 31.80),
(108, 65, 27, 1, 65.00),
(109, 66, 37, 2, 39.99), (110, 66, 39, 1, 12.50),
(111, 67, 8, 1, 4.20), (112, 67, 10, 2, 5.99),
(113, 68, 28, 1, 79.95),
(114, 69, 42, 1, 38.00), (115, 69, 43, 1, 21.00),
(116, 70, 14, 1, 29.50),
(117, 71, 22, 1, 49.99), (118, 71, 25, 1, 33.25),
(119, 72, 1, 1, 1499.99),
(120, 73, 32, 3, 9.50), (121, 73, 34, 2, 4.50),
(122, 74, 47, 1, 42.00), (123, 74, 48, 1, 35.50),
(124, 75, 9, 1, 7.80),
(125, 76, 13, 1, 55.00), (126, 76, 36, 1, 85.00),
(127, 77, 17, 1, 45.50), (128, 77, 19, 1, 22.80),
(129, 78, 23, 2, 38.50),
(130, 79, 3, 1, 89.90), (131, 79, 4, 1, 349.00),
(132, 80, 41, 1, 18.50),
(133, 81, 24, 1, 28.00), (134, 81, 26, 2, 14.99),
(135, 82, 6, 1, 18.75),
(136, 83, 18, 1, 32.00), (137, 83, 45, 1, 25.00),
(138, 84, 30, 1, 120.00),
(139, 85, 38, 1, 30.00), (140, 85, 40, 1, 9.90),
(141, 86, 43, 1, 21.00), (142, 86, 44, 1, 16.75),
(143, 87, 7, 2, 6.50),
(144, 88, 11, 1, 19.95), (145, 88, 15, 1, 40.00),
(146, 89, 20, 1, 12.99), (147, 89, 16, 1, 15.99),
(148, 90, 46, 1, 29.95),
(149, 91, 12, 1, 75.00), (150, 91, 39, 2, 12.50),
(151, 92, 2, 1, 24.50),
(152, 93, 31, 1, 3.90), (153, 93, 33, 1, 12.75),
(154, 94, 49, 1, 26.00), (155, 94, 50, 1, 31.80),
(156, 95, 27, 1, 65.00),
(157, 96, 37, 1, 39.99), (158, 96, 40, 1, 9.90),
(159, 97, 8, 4, 4.20),
(160, 98, 28, 1, 79.95), (161, 98, 29, 1, 55.00),
(162, 99, 42, 1, 38.00),
(163, 100, 14, 1, 29.50), (164, 100, 36, 1, 85.00),
-- Add more items to reach 200
(165, 1, 10, 1, 5.99), (166, 2, 20, 1, 12.99),
(167, 3, 30, 1, 120.00), (168, 4, 40, 1, 9.90),
(169, 5, 50, 1, 31.80), (170, 6, 1, 1, 1499.99),
(171, 7, 11, 1, 19.95), (172, 8, 21, 1, 199.00),
(173, 9, 31, 1, 3.90), (174, 10, 41, 1, 18.50),
(175, 11, 3, 1, 89.90), (176, 12, 13, 1, 55.00),
(177, 13, 23, 1, 38.50), (178, 14, 33, 1, 12.75),
(179, 15, 43, 1, 21.00), (180, 16, 4, 1, 349.00),
(181, 17, 14, 1, 29.50), (182, 18, 24, 1, 28.00),
(183, 19, 34, 1, 4.50), (184, 20, 44, 1, 16.75),
(185, 21, 5, 1, 35.00), (186, 22, 15, 1, 40.00),
(187, 23, 25, 1, 33.25), (188, 24, 35, 1, 8.99),
(189, 25, 45, 1, 25.00), (190, 26, 7, 1, 6.50),
(191, 27, 17, 1, 45.50), (192, 28, 27, 1, 65.00),
(193, 29, 37, 1, 39.99), (194, 30, 47, 1, 42.00),
(195, 31, 9, 1, 7.80), (196, 32, 19, 1, 22.80),
(197, 33, 29, 1, 55.00), (198, 34, 39, 1, 12.50),
(199, 35, 49, 1, 26.00), (200, 36, 2, 1, 24.50);

-- =============================================
-- shoppingcart_item Table (50 entries)
-- =============================================
INSERT INTO shoppingcart_item (id, product_id, shopping_cart_id, quantity) VALUES
(1, 1, 1, 1), (2, 5, 1, 1),
(3, 11, 2, 2),
(4, 22, 3, 1), (5, 23, 3, 1), (6, 50, 3, 1),
(7, 6, 4, 3), (8, 10, 4, 1),
(9, 16, 5, 1), (10, 18, 5, 1),
(11, 31, 6, 2), (12, 34, 6, 5),
(13, 46, 7, 1),
(14, 2, 8, 1), (15, 3, 8, 1), (16, 29, 8, 1),
(17, 12, 9, 1), (18, 39, 9, 1),
(19, 41, 10, 1), (20, 45, 10, 1), (21, 17, 10, 1),
(22, 7, 11, 1),
(23, 27, 12, 1), (24, 28, 12, 1),
(25, 40, 13, 2), (26, 15, 13, 1),
(27, 32, 14, 1), (28, 33, 14, 1),
(29, 4, 15, 1), (30, 30, 15, 1),
(31, 13, 16, 1), (32, 36, 16, 1),
(33, 20, 17, 3),
(34, 48, 18, 1), (35, 49, 18, 1),
(36, 8, 19, 1), (37, 9, 19, 2), (38, 35, 19, 1),
(39, 19, 20, 1), (40, 43, 20, 1), (41, 44, 20, 1),
(42, 21, 1, 1),
(43, 14, 2, 1),
(44, 24, 4, 1),
(45, 37, 5, 1),
(46, 47, 6, 1),
(47, 26, 7, 1),
(48, 38, 9, 1),
(49, 42, 11, 1),
(50, 10, 13, 1);
