-- Delete any existing tables (to reset the database from scratch)
DROP TABLE IF EXISTS order_item;
DROP TABLE IF EXISTS orders;
DROP TABLE IF EXISTS shoppingcart_item;
DROP TABLE IF EXISTS shoppingcart;
DROP TABLE IF EXISTS product;
DROP TABLE IF EXISTS users;

-- Create ShoppingCart table
CREATE TABLE shoppingcart (
  id INT AUTO_INCREMENT PRIMARY KEY,
  updated_at TIMESTAMP DEFAULT CURRENT_TIMESTAMP ON UPDATE CURRENT_TIMESTAMP
);

-- Create User table
CREATE TABLE users (
  id INT AUTO_INCREMENT PRIMARY KEY,
  email VARCHAR(255) UNIQUE NOT NULL,
  shopping_cart_id INT UNIQUE NOT NULL,
  handphone_no VARCHAR(20),
  address VARCHAR(255),
  first_name VARCHAR(50),
  last_name VARCHAR(50),
  password VARCHAR(255) NOT NULL,
  role VARCHAR(50),
  FOREIGN KEY (shopping_cart_id) REFERENCES shoppingcart(id)
);
-- Create Product table
CREATE TABLE product (
  id INT AUTO_INCREMENT PRIMARY KEY,
  name VARCHAR(255) NOT NULL,
  image VARCHAR(500), 
  unit_price FLOAT NOT NULL,
  category VARCHAR(100),
  stock INT NOT NULL
);
-- Create Order table
CREATE TABLE orders (
  id INT AUTO_INCREMENT PRIMARY KEY,
  user_id INT,
  fulfilment_date DATE,
  status VARCHAR(50),
  payment_method VARCHAR(50),
  total_amount FLOAT NOT NULL, 
  create_at TIMESTAMP DEFAULT CURRENT_TIMESTAMP,
  FOREIGN KEY (user_id) REFERENCES users(id)
);
-- Create OrderItem table (junction table for Order and Product)
CREATE TABLE order_item (
  id INT AUTO_INCREMENT PRIMARY KEY,
  order_id INT,
  product_id INT,
  quantity INT NOT NULL,
  transacted_unit_price FLOAT NOT NULL, -- Store price at the time of order
  FOREIGN KEY (order_id) REFERENCES orders(id),
  FOREIGN KEY (product_id) REFERENCES product(id)
);
-- Create ShoppingCartItems table (junction table for ShoppingCart and Product)
CREATE TABLE shoppingcart_item (
  id INT AUTO_INCREMENT PRIMARY KEY,
  product_id INT,
  shopping_cart_id INT,
  quantity INT NOT NULL,
  FOREIGN KEY (shopping_cart_id) REFERENCES shoppingcart(id),
  FOREIGN KEY (product_id) REFERENCES product(id)
);

-- 1. Populate shoppingcart (Required by users)
-- Generating 20 carts
INSERT INTO shoppingcart (id, updated_at) VALUES
(1, NOW()), (2, NOW()), (3, NOW()), (4, NOW()), (5, NOW()),
(6, NOW()), (7, NOW()), (8, NOW()), (9, NOW()), (10, NOW()),
(11, NOW()), (12, NOW()), (13, NOW()), (14, NOW()), (15, NOW()),
(16, NOW()), (17, NOW()), (18, NOW()), (19, NOW()), (20, NOW());

-- 2. Populate users (Requires shoppingcart)
-- Generating 20 users
INSERT INTO users (id, email, shopping_cart_id, handphone_no, address, first_name, last_name, password, role) VALUES
(1, 'john.doe@email.com', 1, '91234567', '123 Apple St', 'John', 'Doe', 'pass123', 'customer'),
(2, 'jane.smith@email.com', 2, '92345678', '456 Orange Ave', 'Jane', 'Smith', 'pass123', 'customer'),
(3, 'alice.jones@email.com', 3, '93456789', '789 Banana Blvd', 'Alice', 'Jones', 'pass123', 'customer'),
(4, 'bob.williams@email.com', 4, '94567890', '101 Pine Ln', 'Bob', 'Williams', 'pass123', 'customer'),
(5, 'charlie.brown@email.com', 5, '95678901', '202 Maple Dr', 'Charlie', 'Brown', 'pass123', 'customer'),
(6, 'diana.davis@email.com', 6, '96789012', '303 Oak Ct', 'Diana', 'Davis', 'pass123', 'customer'),
(7, 'ethan.miller@email.com', 7, '97890123', '404 Cedar Rd', 'Ethan', 'Miller', 'pass123', 'customer'),
(8, 'fiona.wilson@email.com', 8, '98901234', '505 Birch Way', 'Fiona', 'Wilson', 'pass123', 'customer'),
(9, 'george.moore@email.com', 9, '99012345', '606 Elm Pl', 'George', 'Moore', 'pass123', 'customer'),
(10, 'hannah.taylor@email.com', 10, '90123456', '707 Spruce Sq', 'Hannah', 'Taylor', 'pass123', 'customer'),
(11, 'ian.anderson@email.com', 11, '91112233', '808 Ash Pass', 'Ian', 'Anderson', 'pass123', 'customer'),
(12, 'judy.thomas@email.com', 12, '92223344', '909 Willow Bend', 'Judy', 'Thomas', 'pass123', 'customer'),
(13, 'kevin.jackson@email.com', 13, '93334455', '111 Aspen Hill', 'Kevin', 'Jackson', 'pass123', 'customer'),
(14, 'linda.white@email.com', 14, '94445566', '222 Redwood Cir', 'Linda', 'White', 'pass123', 'customer'),
(15, 'mike.harris@email.com', 15, '95556677', '333 Poplar Loop', 'Mike', 'Harris', 'pass123', 'customer'),
(16, 'nancy.martin@email.com', 16, '96667788', '444 Sycamore Path', 'Nancy', 'Martin', 'pass123', 'customer'),
(17, 'admin.user@email.com', 17, '81234567', '1 Admin Way', 'Admin', 'User', 'adminpass', 'staff'),
(18, 'support.staff@email.com', 18, '82345678', '2 Support Plaza', 'Support', 'Staff', 'staffpass', 'staff'),
(19, 'manager.ops@email.com', 19, '83456789', '3 Ops Center', 'Manager', 'Ops', 'mgrpass', 'staff'),
(20, 'oliver.clark@email.com', 20, '97778899', '555 Sequoia St', 'Oliver', 'Clark', 'pass123', 'customer');

-- 3. Populate product (No dependencies other than table existence)
INSERT INTO product (id, name, image, unit_price, category, stock) VALUES
(1, '100 Days Grain Fed Beef Brisket Shabu Shabu Frozen', 'https://ryansgrocery.com/wp-content/uploads/2022/10/100-Days-Grain-Fed-Beef-Brisket-Shabu-Shabu-frozen-1-300x300.jpg', 16.90, 'Meat and Poultry', 112),
(2, '100 Percent Natural FYRO Starters', 'https://ryansgrocery.com/wp-content/uploads/2023/10/FYROstarters-1-300x286.jpg', 7.90, 'Household', 78),
(3, '200 270 Days Beef Cubes', 'https://ryansgrocery.com/wp-content/uploads/2024/09/350-Days-Grain-Fed-Beef-Cubes-300x300.png', 11.48, 'Meat and Poultry', 188),
(4, '200 270 Days Beef Eye Round MB 2 3', 'https://ryansgrocery.com/wp-content/uploads/woocommerce-placeholder-300x300.png', 14.40, 'Meat and Poultry', 65),
(5, '200 270 Days Beef Minced', 'https://ryansgrocery.com/wp-content/uploads/2023/10/Five-Founders-Beef-Minced-crop-scaled-2-300x300.jpg', 11.48, 'Meat and Poultry', 192),
(6, '200 270 Days Beef Patties', 'https://ryansgrocery.com/wp-content/uploads/2023/10/Wagyu-Beef-Patties-1-300x300.png', 11.48, 'Meat and Poultry', 143),
(7, '200 270 Days Beef Rump Cap MB 2 3', 'https://ryansgrocery.com/wp-content/uploads/2025/02/Beef-Rump-Cap-300x200.jpg', 25.80, 'Meat and Poultry', 51),
(8, '200 270 Days Beef Stir Fry', 'https://ryansgrocery.com/wp-content/uploads/2024/04/Ryans-Grain-Fed-Beef-Stir-Fry-Chilled-300x300.jpg', 11.48, 'Meat and Poultry', 177),
(9, 'Australia Free Range Chicken Breast Skinless Chilled', 'https://ryansgrocery.com/wp-content/uploads/2024/07/Australia-Free-Range-Chicken-Breast-S_Less-300x300.jpg', 16.00, 'Meat and Poultry', 134),
(10, 'Australia Free Range Chicken Breast Skinless Frozen', 'https://ryansgrocery.com/wp-content/uploads/2024/07/Australia-Free-Range-Chicken-Breast-S_Less-300x300.jpg', 16.00, 'Meat and Poultry', 88),
(11, 'Australia Free Range Chicken Cordon Bleu Chilled', 'https://ryansgrocery.com/wp-content/uploads/2025/02/Ryans-Australia-Free-Range-Chicken-Cordon-Bleu-300x300.jpg', 12.90, 'Prepared Meals', 91),
(12, 'Australia Free Range Chicken Drumlette Chilled', 'https://ryansgrocery.com/wp-content/uploads/2025/02/Ryans-Australia-Free-Range-Chicken-Drumette-300x300.jpg', 13.20, 'Meat and Poultry', 115),
(13, 'Australia Free Range Chicken Drumstick Skin On Chilled', 'https://ryansgrocery.com/wp-content/uploads/2024/07/Australia-Free-Range-Chicken-Drumstick-300x300.jpg', 14.00, 'Meat and Poultry', 103),
(14, 'Australia Free Range Chicken Half Bird Chilled', 'https://ryansgrocery.com/wp-content/uploads/2025/02/Ryans-Australia-Free-Range-Chicken-Half-Bird-300x300.jpg', 19.50, 'Meat and Poultry', 45),
(15, 'Australia Free Range Chicken Kebab Chilled', 'https://ryansgrocery.com/wp-content/uploads/2025/02/Ryans-Australia-Free-Range-Chicken-Kebab-300x300.jpg', 13.40, 'Prepared Meals', 76),
(16, 'Australia Free Range Chicken Kiev Chilled', 'https://ryansgrocery.com/wp-content/uploads/2025/02/Ryans-Australia-Free-Range-Chicken-Kiev-300x300.jpg', 12.50, 'Prepared Meals', 68),
(17, 'Australia Free Range Chicken Leg Bone In Skin On Chilled', 'https://ryansgrocery.com/wp-content/uploads/2024/07/Australia-Free-Range-Chicken-Leg-B_In-S_On-300x300.jpg', 13.20, 'Meat and Poultry', 122),
(18, 'Australia Free Range Chicken Meatball Chilled', 'https://ryansgrocery.com/wp-content/uploads/2024/07/Australia-Free-Range-Chicken-Meatball-300x300.jpg', 14.60, 'Meat and Poultry', 99),
(19, 'Australia Free Range Chicken Mid Wing Chilled', 'https://ryansgrocery.com/wp-content/uploads/2024/07/Ryans-Australia-Free-Range-Chicken-Mid-Wing-1-300x300.jpg', 13.20, 'Meat and Poultry', 137),
(20, 'Australia Free Range Chicken Mince Chilled', 'https://ryansgrocery.com/wp-content/uploads/2024/07/Australia-Free-Range-Chicken-Minced-300x300.jpg', 16.00, 'Meat and Poultry', 151),
(21, 'Australia Free Range Chicken Tenderloin Fillet Chilled', 'https://ryansgrocery.com/wp-content/uploads/2024/07/Australia-Free-Range-Chicken-Fillet-300x300.jpg', 16.00, 'Meat and Poultry', 109),
(22, 'Australia Free Range Chicken Thigh Bone In Chilled', 'https://ryansgrocery.com/wp-content/uploads/2024/07/Ryans-Australia-Free-Range-Chicken-Thigh-B_In-CH-300x300.jpg', 13.20, 'Meat and Poultry', 118),
(23, 'Australia Free Range Chicken Thigh Boneless Chilled', 'https://ryansgrocery.com/wp-content/uploads/2024/07/Australia-Free-Range-Chicken-Thigh-B_Less-300x300.jpg', 17.20, 'Meat and Poultry', 125),
(24, 'Australia Free Range Chicken Whole Chilled', 'https://ryansgrocery.com/wp-content/uploads/2024/07/Australia-Free-Range-Chicken-Whole-300x300.jpg', 46.60, 'Meat and Poultry', 32),
(25, 'Australia Free Range Chicken Whole Wing Chilled', 'https://ryansgrocery.com/wp-content/uploads/2024/07/Ryans-Australia-Free-Range-Chicken-Whole-Wing-300x300.jpg', 10.40, 'Meat and Poultry', 148),
(26, 'Australia Free Range Chicken Whole Wing Frozen', 'https://ryansgrocery.com/wp-content/uploads/2024/07/Ryans-Australia-Free-Range-Chicken-Whole-Wing-300x300.jpg', 10.40, 'Meat and Poultry', 94),
(27, 'Beef Bulgogi', 'https://ryansgrocery.com/wp-content/uploads/2023/10/Ryans-Beef-Bulgogi-Front-1-1-300x300.jpg', 23.40, 'Prepared Meals', 81),
(28, 'Beef Kebab', 'https://ryansgrocery.com/wp-content/uploads/2023/10/Beef-Kebab-scaled-2-300x300.jpg', 15.15, 'Prepared Meals', 0),
(29, 'Beef Sausage Pinwheels', 'https://ryansgrocery.com/wp-content/uploads/2023/10/Beef-Sausage-Pinwheel-EDITED-scaled-2-300x300.jpg', 15.75, 'Meat and Poultry', 101),
(30, 'Beef Sausage Roll', 'https://ryansgrocery.com/wp-content/uploads/2023/10/Beef-Sausage-Roll_double-1-300x300.jpg', 8.40, 'Prepared Meals', 110),
(31, 'Beef Tongue Yakiniku Frozen', 'https://ryansgrocery.com/wp-content/uploads/2025/01/Beef-Tongue-Yakiniku-300g-300x300.jpg', 18.90, 'Meat and Poultry', 63),
(32, 'Beef Wellington 300g', 'https://ryansgrocery.com/wp-content/uploads/2023/10/Beef-Wellington-Mini-scaled-2-300x300.jpg', 43.20, 'Prepared Meals', 48),
(33, 'Carbon Neutral Premium Beef Box C', 'https://ryansgrocery.com/wp-content/uploads/2023/10/Carbon-Neutral-Premium-Beef-Box-C-1-1-300x300.jpg', 75.60, 'Meat and Poultry', 25),
(34, 'Chicken Bone', 'https://ryansgrocery.com/wp-content/uploads/2023/10/Chicken-Bone-1-300x300.png', 9.20, 'Meat and Poultry', 167),
(35, 'Chicken Caprese', 'https://ryansgrocery.com/wp-content/uploads/2023/10/Chicken-Carprese-scaled-2-300x300.jpg', 11.30, 'Prepared Meals', 83),
(36, 'Chicken Chorizo Sausage Gluten Free Chilled', 'https://ryansgrocery.com/wp-content/uploads/2023/11/Chicken-Curry-Sausage-1-1-300x300.jpg', 12.00, 'Meat and Poultry', 105),
(37, 'Chicken Cocktail Sausages', 'https://ryansgrocery.com/wp-content/uploads/2023/10/Chicken-Cocktail-1-300x300.png', 7.60, 'Meat and Poultry', 0),
(38, 'Chicken Farmhouse Sausage Gluten and Preservative Free Frozen', 'https://ryansgrocery.com/wp-content/uploads/2023/10/Chicken-Farmhouse-Sausage-Gluten-_-Preservative-Free-1-300x300.png', 12.00, 'Meat and Poultry', 119),
(39, 'Chicken Feet Frozen', 'https://ryansgrocery.com/wp-content/uploads/2023/10/Chicken-Feet-1-300x300.png', 6.90, 'Meat and Poultry', 133),
(40, 'Chicken Golden Coin Frozen', 'https://ryansgrocery.com/wp-content/uploads/2024/01/Chicken-Golden-Coin-Frozen-1-300x300.jpg', 10.90, 'Prepared Meals', 96),
(41, 'Agroaguiar Red Mixed Fruits 300g', 'https://ryansgrocery.com/wp-content/uploads/2023/10/mixed-fruit-1-300x300.jpg', 7.90, 'Produce Fruits', 145),
(42, 'Agroaguiar Strawberries 300g', 'https://ryansgrocery.com/wp-content/uploads/2023/10/strawberry-1-300x300.jpg', 6.99, 'Produce Fruits', 160),
(43, 'Baby Roasters Potatoes', 'https://ryansgrocery.com/wp-content/uploads/2023/10/Baby-Roasters-1-kg-1-1-300x300.jpg', 6.30, 'Produce Vegetables', 0),
(44, 'Baby Spinach', 'https://ryansgrocery.com/wp-content/uploads/2023/10/RG-Online-SKU-image-600X600px-9-3-300x300.jpg', 6.90, 'Produce Vegetables', 185),
(45, 'Banana Cavendish Philippines', 'https://ryansgrocery.com/wp-content/uploads/2023/10/Organic-Banana-Cavendish-Australia-1-300x300.png', 1.35, 'Produce Fruits', 0),
(46, 'Broccoli Frozen', 'https://ryansgrocery.com/wp-content/uploads/2024/06/GELCAMPO-BROCCOLI-300g-300x300.jpg', 4.50, 'Produce Vegetables', 0),
(47, 'Chives', 'https://ryansgrocery.com/wp-content/uploads/2023/10/Chives-Front-1-300x300.jpg', 3.90, 'Produce Vegetables', 170),
(48, 'Coriander', 'https://ryansgrocery.com/wp-content/uploads/2023/10/1-1-1-300x300.png', 3.90, 'Produce Vegetables', 190),
(49, 'Cut Leaf Spinach Frozen', 'https://ryansgrocery.com/wp-content/uploads/2023/10/OOB-Organic-Cut-Leaf-Spinach-Frozen-Front-1-300x300.png', 6.50, 'Produce Vegetables', 158),
(50, 'Diced Mango', 'https://ryansgrocery.com/wp-content/uploads/2024/07/OOB-Diced-Mango-500g-300x300.jpg', 15.95, 'Produce Fruits', 132),
(51, 'Dill Singapore', 'https://ryansgrocery.com/wp-content/uploads/2023/10/Dill_2500x2500-1-300x300.jpg', 3.90, 'Produce Vegetables', 183),
(52, 'Dried Porcini Mushroom Extra', 'https://ryansgrocery.com/wp-content/uploads/2023/11/AR-Tartufi-Dried-Porcini-Mushrooms-300x300.jpg', 10.90, 'Produce Vegetables', 0),
(53, 'Fresh Basil', 'https://ryansgrocery.com/wp-content/uploads/2023/10/Basil-Front-1-300x300.jpg', 3.90, 'Produce Vegetables', 195),
(54, 'Frozen Blueberries', 'https://ryansgrocery.com/wp-content/uploads/2023/10/Sujon-Blueberries-Fruits-Frozen-Front-1-300x300.jpg', 15.90, 'Produce Fruits', 141),
(55, 'Frozen Cranberries', 'https://ryansgrocery.com/wp-content/uploads/2023/10/Sujon-Cranberries-500g-Front-1-1-300x300.jpg', 15.90, 'Produce Fruits', 129),
(56, 'Frozen Mixed Berries', 'https://ryansgrocery.com/wp-content/uploads/2023/10/90072271_XL1_20210423-1-300x300.webp', 17.90, 'Produce Fruits', 155),
(57, 'Frozen Strawberries', 'https://ryansgrocery.com/wp-content/uploads/2023/10/sujon-strawberry-1-300x300.jpeg', 29.90, 'Produce Fruits', 113),
(58, 'Gelcampo 3 Vegetables Mix 400G', 'https://ryansgrocery.com/wp-content/uploads/2023/10/Screenshot-2021-04-12-at-5.00.20-PM-1-291x300.png', 5.30, 'Produce Vegetables', 172),
(59, 'Gelcampo Brussel Sprouts', 'https://ryansgrocery.com/wp-content/uploads/2024/03/Gelcampo-Brussel-Sprouts-300x300.jpg', 4.30, 'Produce Vegetables', 149),
(60, 'Gelcampo Kaiser Mix 300G', 'https://ryansgrocery.com/wp-content/uploads/2023/10/Screenshot-2021-04-12-at-4.56.36-PM-1-300x300.png', 4.50, 'Produce Vegetables', 188),
(61, 'Gelcampo Mushrooms Mix 400G', 'https://ryansgrocery.com/wp-content/uploads/2023/10/Screenshot-2021-04-12-at-4.55.05-PM-1-300x300.png', 8.30, 'Produce Vegetables', 165),
(62, 'Gelcampo Organic Sweet Corn', 'https://ryansgrocery.com/wp-content/uploads/2024/03/Gelcampo-Organic-Sweet-Corn-300x300.jpg', 5.80, 'Produce Vegetables', 0),
(63, 'Gelcampo Peas 300G', 'https://ryansgrocery.com/wp-content/uploads/2023/10/GelCampo-Peas-300g-300x300-1-1.jpeg', 4.50, 'Produce Vegetables', 0),
(64, 'Gelcampo Spinach Leaf Portions 300G', 'https://ryansgrocery.com/wp-content/uploads/2023/10/gelcampo-spinach-leaf-portion-1-300x300.jpg', 4.50, 'Produce Vegetables', 198),
(65, '5 Bar Christmas Selection 5pcs', 'https://ryansgrocery.com/wp-content/uploads/2024/12/724022266052_01-300x300.jpg', 59.90, 'Snacks and Pantry', 0),
(66, '70 Cocoa Single Orgin', 'https://ryansgrocery.com/wp-content/uploads/2024/08/Majani-70-Cocoa-Single-Orgin-75G-1-300x300.png', 12.00, 'Snacks and Pantry', 147),
(67, '75 Cocoa Single Origin', 'https://ryansgrocery.com/wp-content/uploads/2024/08/Majani-70-Cocoa-Single-Orgin-75G-300x300.png', 12.00, 'Snacks and Pantry', 138),
(68, '85 Cocoa Single Origin', 'https://ryansgrocery.com/wp-content/uploads/2024/08/Majani-85-Cocoa-Single-Origin-75G-300x300.png', 12.00, 'Snacks and Pantry', 121),
(69, 'Almond Chips Sour Cream 40g', 'https://ryansgrocery.com/wp-content/uploads/2023/10/1_530x@2x-1-231x300.png', 3.90, 'Snacks and Pantry', 0),
(70, 'Apple and Apricot Fruit Flats', 'https://ryansgrocery.com/wp-content/uploads/2024/04/Apple-Apricot-Fruit-Flats-300x300.png', 3.30, 'Snacks and Pantry', 152),
(71, 'Apple and Boysenberry Fruit Flats', 'https://ryansgrocery.com/wp-content/uploads/2024/04/Apple-Boysenberry-Fruit-Flats-300x300.png', 3.30, 'Snacks and Pantry', 166),
(72, 'Apple and Mango Passion Fruit Flats', 'https://ryansgrocery.com/wp-content/uploads/2024/04/Apple-Mango-Passion-Fruit-Flats-300x300.png', 3.30, 'Snacks and Pantry', 178),
(73, 'Apple and Raspberry Fruit Flats', 'https://ryansgrocery.com/wp-content/uploads/2024/04/Apple-Strawberry-Fruit-Flats-300x300.png', 3.30, 'Snacks and Pantry', 0),
(74, 'Apple and Strawberry Fruit Flats', 'https://ryansgrocery.com/wp-content/uploads/2024/04/Apple-Strawberry-Fruit-Flats-300x300.png', 3.30, 'Snacks and Pantry', 181),
(75, 'Apple Black Currant Fruit Roll 1 pcs', 'https://ryansgrocery.com/wp-content/uploads/2024/10/Bob-Snail-Apple-Black-Currant-14g-1-pcs-300x300.jpg', 1.20, 'Snacks and Pantry', 193),
(76, 'Apple Black Currant Fruit Roll 3 pcs', 'https://ryansgrocery.com/wp-content/uploads/2024/10/Bob-Snail-Apple-Black-Currant-30g-3-pcs-300x300.jpg', 2.60, 'Snacks and Pantry', 187),
(77, 'Apple Blueberry Fruit Roll 3 pcs', 'https://ryansgrocery.com/wp-content/uploads/2024/10/Bob-Snail-Apple-Blueberry-30g-3-pcs-300x300.jpg', 2.60, 'Snacks and Pantry', 175),
(78, 'Apple Cherry Fruit Roll 3 pcs', 'https://ryansgrocery.com/wp-content/uploads/2024/10/Bob-Snail-Apple-Cherry-30g-3-pcs-300x300.jpg', 2.60, 'Snacks and Pantry', 169),
(79, 'Apple Pear Fruit Roll 1 pcs', 'https://ryansgrocery.com/wp-content/uploads/2024/10/Bob-Snail-Apple-Pear-14g-1-pcs-300x300.jpg', 1.20, 'Snacks and Pantry', 199),
(80, 'Apple Pear Fruit Roll 3 pcs', 'https://ryansgrocery.com/wp-content/uploads/2024/10/Bob-Snail-Apple-Pear-30g-3-pcs-300x300.jpg', 2.60, 'Snacks and Pantry', 184),
(81, 'Apple Plum Fruit Roll 3 pcs', 'https://ryansgrocery.com/wp-content/uploads/2024/10/Bob-Snail-Apple-Plum-30g-3-pcs-300x300.jpg', 2.60, 'Snacks and Pantry', 171),
(82, 'Apple Raisin and Cinnamon Oat Bars Multipack', 'https://ryansgrocery.com/wp-content/uploads/2024/09/Deliciously-Ella-Apple-Raisin-and-Cinnamon-Oat-Bars-Multipack-3X50G-300x300.jpg', 9.90, 'Snacks and Pantry', 126),
(83, 'Apple Raspberry Fruit Roll 1 pcs', 'https://ryansgrocery.com/wp-content/uploads/2024/10/Bob-Snail-Apple-Raspberry-14g-1-pcs-300x300.jpg', 1.20, 'Snacks and Pantry', 196),
(84, 'Apple Raspberry Fruit Roll 3 pcs', 'https://ryansgrocery.com/wp-content/uploads/2024/10/Bob-Snail-Apple-Raspberry-30g-3-pcs-300x300.jpg', 2.60, 'Snacks and Pantry', 180),
(85, 'Apple Strawberry Fruit Roll 1 pcs', 'https://ryansgrocery.com/wp-content/uploads/2024/10/Bob-Snail-Apple-Strawberry-14g-1-pcs-300x300.jpg', 1.20, 'Snacks and Pantry', 191),
(86, 'Apple Strawberry Fruit Roll 3 pcs', 'https://ryansgrocery.com/wp-content/uploads/2024/10/Bob-Snail-Apple-Strawberry-30g-3-pcs-300x300.jpg', 2.60, 'Snacks and Pantry', 174),
(87, 'Apricot and Coconut Oat Bars Multipack', 'https://ryansgrocery.com/wp-content/uploads/2024/09/Deliciously-Ella-Apricot-and-Coconut-Oat-Bars-Multipack-3X50G-300x300.jpg', 9.90, 'Snacks and Pantry', 131),
(88, 'Apricot and Hazelnut Specialty Cracker', 'https://ryansgrocery.com/wp-content/uploads/2023/10/OB-Finest-specialty-crackers-apricot-hazelnut-150g-1-300x300.png', 8.99, 'Snacks and Pantry', 0),
(89, 'Assorted Cheese Platter', 'https://ryansgrocery.com/wp-content/uploads/2024/12/cheese-platter-300x300.jpg', 80.00, 'Prepared Meals', 29),
(90, 'Banana Chips Chocolate Swirl', 'https://ryansgrocery.com/wp-content/uploads/2023/10/RG-online-photo-listing-11-1-300x300.png', 6.90, 'Snacks and Pantry', 159),
(91, 'Banana Chips Crushed Seasalt', 'https://ryansgrocery.com/wp-content/uploads/2023/10/RG-online-photo-listing-12-2-300x300.png', 6.90, 'Snacks and Pantry', 163),
(92, 'Banana Chips Hickory Barbecue', 'https://ryansgrocery.com/wp-content/uploads/2023/10/RG-online-photo-listing-9-2-300x300.png', 6.90, 'Snacks and Pantry', 0),
(93, 'Banana Chips Honey Mustard', 'https://ryansgrocery.com/wp-content/uploads/2023/10/RG-online-photo-listing-10-2-300x300.png', 6.90, 'Snacks and Pantry', 155),
(94, 'Banana Crunch', 'https://ryansgrocery.com/wp-content/uploads/2024/04/BANANA-CRUNCH-300x300.png', 2.50, 'Snacks and Pantry', 210),
(95, 'Belgian Choc Chip Cookies', 'https://ryansgrocery.com/wp-content/uploads/2024/12/Edith-Belgian-Choc-Chip-Cookies-150g-1-300x300.jpg', 13.50, 'Snacks and Pantry', 111),
(96, 'Belgium Chocolate Chunk Crunchy Oat Bars', 'https://ryansgrocery.com/wp-content/uploads/2024/06/choccrunchyoatbars-544x444-1-300x245.jpg', 6.60, 'Snacks and Pantry', 0),
(97, 'Arabica Drip Coffee', 'https://ryansgrocery.com/wp-content/uploads/2024/05/Mr.-Viet-_Arabica_-10-drip-bags-by-10g-300x300.jpg', 15.90, 'Beverages', 0),
(98, 'Good Morning Vietnam Ground Coffee', 'https://ryansgrocery.com/wp-content/uploads/2024/05/Mr.-Viet-_Good-Morning-Vietnam_-250-g.-Ground-coffee-300x300.jpg', 13.90, 'Beverages', 98),
(99, 'Premo Vino Bianco', 'https://ryansgrocery.com/wp-content/uploads/2024/05/ANTICA-MURRINA-_PREMO_-VINO-BIANCO-300x300.jpg', 43.90, 'Beverages', 62),
(100, 'Premo Vino Rosato', 'https://ryansgrocery.com/wp-content/uploads/2024/05/ANTICA-MURRINA-_PREMO_-VINO-ROSATO-300x300.jpg', 43.90, 'Beverages', 55),
(101, '10 Year Old Irish Whisky', 'https://ryansgrocery.com/wp-content/uploads/2023/10/Beef-Bone-Marrow-Wood-5-1-300x300.jpg', 108.00, 'Beverages', 41),
(102, '3 Cents Ginger Beer', 'https://ryansgrocery.com/wp-content/uploads/2023/10/Untitled-design-25-1-300x300.png', 52.90, 'Beverages', 0),
(103, '5 Year Old Cask Strength Single Malt', 'https://ryansgrocery.com/wp-content/uploads/2025/03/McCarthys-5-Year-Old-Cask-Strength-Single-Malt-1-300x300.png', 152.90, 'Beverages', 35),
(104, '8 Year Old Irish Whisky', 'https://ryansgrocery.com/wp-content/uploads/2023/10/0003185-1-300x300.jpg', 85.00, 'Beverages', 48),
(105, 'Absinthe', 'https://ryansgrocery.com/wp-content/uploads/2023/10/Two-Birds-Absinthe70cl-1-300x300.jpg', 135.30, 'Beverages', 38),
(106, 'After Dinner Mint and English Vodka', 'https://ryansgrocery.com/wp-content/uploads/2023/10/Two-Birds-After-Dinner-Mint-English-Volka-70cl-1-300x300.jpg', 97.50, 'Beverages', 51),
(107, 'Aperitivi Blonde With Orange And Bay Leaf', 'https://ryansgrocery.com/wp-content/uploads/2024/05/4-PACK-APERITIVI-200MLBLONDE-%E2%80%93-with-Orange-and-bay-leaf-300x300.jpg', 17.90, 'Beverages', 77),
(108, 'Aperitivi Red With Blood Orange And Prickly Pear', 'https://ryansgrocery.com/wp-content/uploads/2024/05/4-PACK-APERITIVI-200ML-RED-%E2%80%93-with-Blood-Orange-and-prickly-pear-300x300.jpg', 17.90, 'Beverages', 81),
(109, 'Apple and Pear Juice', 'https://ryansgrocery.com/wp-content/uploads/2024/10/Kullamust-Apple-Pear-300x300.png', 2.95, 'Beverages', 205),
(110, 'Arpa Chianti Classico', 'https://ryansgrocery.com/wp-content/uploads/2023/10/Tomato-soup-3-300x300.jpg', 63.90, 'Beverages', 58),
(111, 'Baron Philippe De Rothschild Carmenere', 'https://ryansgrocery.com/wp-content/uploads/2023/10/Mapu-GR-Carmenere-1-1-300x300.png', 63.98, 'Beverages', 60),
(112, 'Barts Blended Irish Whiskey Original', 'https://ryansgrocery.com/wp-content/uploads/2025/03/Barts-Blended-Irish-Whiskey-Original-300x300.png', 138.00, 'Beverages', 44),
(113, 'Barts XP Blended Irish Whiskey', 'https://ryansgrocery.com/wp-content/uploads/2025/03/Barts-XP-Blended-Irish-Whiskey-300x300.png', 138.00, 'Beverages', 39),
(114, 'Barts XS Blended Irish Whiskey', 'https://ryansgrocery.com/wp-content/uploads/2025/03/Barts-XS-Blended-Irish-Whiskey-300x300.png', 138.00, 'Beverages', 42),
(115, 'Bialetti Coffee Beans Milano 100 Arabica', 'https://ryansgrocery.com/wp-content/uploads/2024/08/Bialetti-Coffee-Beans-1Kg-Milano-100-Arabica-300x300.png', 50.00, 'Beverages', 89),
(116, 'Blood Orange Del Sol Caffeinated', 'https://ryansgrocery.com/wp-content/uploads/2023/10/blood-orange-1-300x286.jpg', 4.30, 'Beverages', 177),
(117, 'Blueberry Smoothie', 'https://ryansgrocery.com/wp-content/uploads/2025/03/Ave-Natur-Blueberry-Smoothie-300x300.jpg', 2.90, 'Beverages', 201),
(118, 'Boulevardier', 'https://ryansgrocery.com/wp-content/uploads/2024/08/Spirito-Cocktails-Boulevardier-100ml-1-300x300.png', 12.00, 'Beverages', 115),
(119, 'Breaking Bread Ale', 'https://ryansgrocery.com/wp-content/uploads/2024/03/Crust-Breaking-Bread-Ale-Bottle-300x300.jpg', 7.30, 'Beverages', 136),
(120, 'British Apple and Honey Vodka', 'https://ryansgrocery.com/wp-content/uploads/2025/03/Keeprs-British-Apple-Honey-Vodka-300x300.png', 97.50, 'Beverages', 53),
(121, 'British Raspberry and Honey Gin', 'https://ryansgrocery.com/wp-content/uploads/2023/10/Keepr_sBritishRaspberry_HoneyGin-Front_1024x1024@2x-1-300x300.webp', 97.50, 'Beverages', 57),
(122, 'Cabernet Merlot 2017', 'https://ryansgrocery.com/wp-content/uploads/2023/10/Logan_CabMerlot_HIRES-1-1-300x300.png', 74.90, 'Beverages', 66),
(123, 'CABERNET SAUVIGNON 2020', 'https://ryansgrocery.com/wp-content/uploads/2023/10/Screenshot-2022-02-28-at-11.55.59-AM-e1646022643102-1-1-290x300.png', 46.00, 'Beverages', 71),
(124, 'Cappuccino Instant Coffee 4 In 1', 'https://ryansgrocery.com/wp-content/uploads/2024/05/Cappuccino-Instant-coffee-4-in-1-box-240-g-12-pouches-by-20g-300x300.jpg', 8.90, 'Beverages', 124),
(125, 'Carribean Caffeinated', 'https://ryansgrocery.com/wp-content/uploads/2023/10/carribean-1-300x286.jpg', 4.30, 'Beverages', 168),
(126, 'Cerveza Especial', 'https://ryansgrocery.com/wp-content/uploads/2024/03/Estrella-Galicia-Cerveza-Especial-300x300.jpg', 6.90, 'Beverages', 144),
(127, 'Champagne Gremillet Blanc de Blanc NV', 'https://ryansgrocery.com/wp-content/uploads/2024/03/Gremillet-Blanc-de-Blancs-NV-300x300.png', 109.00, 'Beverages', 49),
(128, 'Champagne Gremillet Blanc De Noirs NV', 'https://ryansgrocery.com/wp-content/uploads/2024/03/Gremillet-Blanc-de-Noirs-NV-750ml-300x300.jpg', 109.00, 'Beverages', 52),
(129, 'ACE Seabass Fillet 180 200gm Frozen', 'https://ryansgrocery.com/wp-content/uploads/2023/10/Seabass-Fillet-1-300x199.jpg', 9.30, 'Seafood', 0),
(130, 'Alaska Pollock Fillet Frozen', 'https://ryansgrocery.com/wp-content/uploads/2024/01/EB-Alaska-Pollock-Fish-Fillets-300x300.jpg', 14.30, 'Seafood', 85),
(131, 'Alaska Pollock Finger Frozen', 'https://ryansgrocery.com/wp-content/uploads/2024/01/Alaska-Pollock-Finger-270g-300x300.jpg', 11.90, 'Seafood', 112),
(132, 'Arctic Surf Clam Frozen', 'https://ryansgrocery.com/wp-content/uploads/2024/02/Clearwater-Surf-Clam-400g-2-300x300.jpg', 15.90, 'Seafood', 73),
(133, 'Barramundi Crispy Tempura', 'https://ryansgrocery.com/wp-content/uploads/2024/07/The-Fish-Farmer-Barramundi-Crispy-Tempura-300x300.png', 16.50, 'Seafood', 91),
(134, 'Barramundi Fillet Mediterranean', 'https://ryansgrocery.com/wp-content/uploads/2024/07/The-Fish-Farmer-Barramundi-Fillet-Mediterranean-400g-300x300.png', 16.50, 'Seafood', 0),
(135, 'Barramundi Fillet Thai Style', 'https://ryansgrocery.com/wp-content/uploads/2024/07/The-Fish-Farmer-Barramundi-Fillet-Thai-Style-400g-300x300.png', 16.50, 'Seafood', 88),
(136, 'Barramundi Skin On Fillet Frozen', 'https://ryansgrocery.com/wp-content/uploads/2024/01/The-Better-Fish-Fillet-Skin-On-340g-300x300.jpg', 15.90, 'Seafood', 105),
(137, 'Canosa Frozen Cooked Octopus Tentacles 2 3 legs', 'https://ryansgrocery.com/wp-content/uploads/2023/10/Octopus-2-300x300.jpg', 22.90, 'Seafood', 64),
(138, 'Crispy Battered Fried Shrimps Frozen', 'https://ryansgrocery.com/wp-content/uploads/2024/01/EB-Crispy-Battered-Fried-Shrimps-300g-300x300.jpg', 14.30, 'Seafood', 95),
(139, 'Dusted Squid Ring', 'https://ryansgrocery.com/wp-content/uploads/2024/07/Maruha-Nichiro-Dusted-Squid-Ring-300g-300x300.png', 9.90, 'Seafood', 0),
(140, 'Escargot with Garlic Butter In Crusty Shell 12S', 'https://ryansgrocery.com/wp-content/uploads/2025/03/Romanzini-Escargot-with-Garlic-Butter-In-Crusty-Shell-12S-300x300.jpg', 15.50, 'Seafood', 79),
(141, 'Frozen Gunard Fillet Skinless and Boneless Frozen', 'https://ryansgrocery.com/wp-content/uploads/2023/10/gurnard-1-300x300.png', 23.95, 'Seafood', 55),
(142, 'Frozen Marinated Smoked Salmon Dill and Olive Oil', 'https://ryansgrocery.com/wp-content/uploads/2023/10/Fassler-Marinated-Smoked-Salmon-Dill-_-Olive-Oil-1-300x300.png', 8.25, 'Seafood', 128),
(143, 'Frozen Smoked Salmon Black Pepper', 'https://ryansgrocery.com/wp-content/uploads/2023/10/Fassler-Smoked-Salmon-Black-Pepper-1-300x300.png', 8.25, 'Seafood', 135),
(144, 'Frozen Smoked Salmon Original', 'https://ryansgrocery.com/wp-content/uploads/2023/10/Fassler-Smoked-Salmon-Original-1-300x300.png', 8.25, 'Seafood', 142),
(145, 'Frozen Smoked Salmon Traditional', 'https://ryansgrocery.com/wp-content/uploads/2023/10/Fassler-traditional-smoked-salmon-1-300x286.jpg', 16.50, 'Seafood', 110),
(146, 'Frozen Tarakihi Fillets Skinless and Boneless Frozen', 'https://ryansgrocery.com/wp-content/uploads/2023/10/tarakihi-1-300x300.png', 23.30, 'Seafood', 60),
(147, 'Garfish In Olive Oil', 'https://ryansgrocery.com/wp-content/uploads/2024/09/garfish-300x300.webp', 14.50, 'Seafood', 92),
(148, 'Half Shell King Scallop', 'https://ryansgrocery.com/wp-content/uploads/2025/02/Sofrimar-ScallopHalfShellKing-300x300.png', 45.90, 'Seafood', 40),
(149, 'Hybrid Grouper Whole Fish Gilled Gutted Scaled', 'https://ryansgrocery.com/wp-content/uploads/2024/08/Blu-Current-Hybrid-Grouper-Whole-Fish-Gilled_Gutted_Scaled-500g-300x300.jpg', 19.90, 'Seafood', 50),
(150, 'Irish Seafood Brown Crab', 'https://ryansgrocery.com/wp-content/uploads/2025/03/Sofrimar-Steamed-Brown-Crab-300x300.png', 43.90, 'Seafood', 33),
(151, 'Irish Seafood Whelk Meat Cooked', 'https://ryansgrocery.com/wp-content/uploads/2025/03/Sofrimar-Cooked-Whelk-Meat-300x300.png', 63.90, 'Seafood', 28),
(152, 'New Zealand Westhaven Frozen Little Neck Clams', 'https://ryansgrocery.com/wp-content/uploads/2023/10/NZ-Westhaven-Littleneck-Clams-1-300x245.jpg', 28.95, 'Seafood', 0),
(153, 'Organic Black Tiger Shrimp Head On Shell On Raw Frozen 6 8pcs Big Size', 'https://ryansgrocery.com/wp-content/uploads/2024/01/Organic-Black-Tiger-Shimp-Peeled-Tail-On-Raw-frozen-300x300.jpg', 59.99, 'Seafood', 22),
(154, 'Organic Black Tiger Shrimp Head On Shell On Raw Frozen 8 12 PCS Medium Size', 'https://ryansgrocery.com/wp-content/uploads/2024/01/Organic-Black-Tiger-Shimp-Peeled-Tail-On-Raw-frozen-300x300.jpg', 45.99, 'Seafood', 31),
(155, 'Organic Black Tiger Shrimp Peeled Deveined Cooked', 'https://ryansgrocery.com/wp-content/uploads/2024/01/Organic-Selva-Shrimp.-Organic-Black-Tiger-Shimp-Peeled-Deveined-Cooked-2125PCS-1-300x300.jpg', 25.00, 'Seafood', 67),
(156, 'Organic Black Tiger Shrimp Peeled Tail On Raw', 'https://ryansgrocery.com/wp-content/uploads/2024/01/Organic-Black-Tiger-Shimp-Peeled-Tail-On-Raw-1620-PCS-300x300.jpg', 25.00, 'Seafood', 71),
(157, 'Pearl Grouper Whole GGS 700gm Frozen', 'https://ryansgrocery.com/wp-content/uploads/2023/10/Pearl-Grouper-2-300x300.jpg', 29.50, 'Seafood', 0),
(158, 'Red Snapper Fillets 2 PCS PKT', 'https://ryansgrocery.com/wp-content/uploads/2024/08/Blu-Current-Red-Snapper-Fillets-2-PCS-_-PKT-350g-400g-300x300.jpg', 19.90, 'Seafood', 82),
(159, 'Red Snapper Whole Fish Gilled Gutted Scaled', 'https://ryansgrocery.com/wp-content/uploads/2024/08/Blu-Current-Red-Snapper-Whole-Fish-Gilled_Gutted_Scaled-500g-300x300.jpg', 15.30, 'Seafood', 46),
(160, 'Seabass Fillet 250 299gm Frozen', 'https://ryansgrocery.com/wp-content/uploads/2023/10/ACE-Seabass-Fillet-1-300x286.jpg', 13.90, 'Seafood', 0),
(161, 'Seabass Whole GGS Cleaned 600 700gm Frozen', 'https://ryansgrocery.com/wp-content/uploads/2023/10/Seabass-1-1-300x200.jpg', 14.50, 'Seafood', 0),
(162, 'Smoked Salmon Oak Smoked Sliced Chilled', 'https://ryansgrocery.com/wp-content/uploads/2024/01/Oak-Smoked-Salmon-100gm_F-300x300.jpg', 16.50, 'Seafood', 90),
(163, 'Tempura Squid with Isobe', 'https://ryansgrocery.com/wp-content/uploads/2024/07/Maruha-Nichiro-Tempura-Squid-with-Isobe-300g-300x300.png', 9.90, 'Seafood', 108),
(164, 'Wild Caught Cod Loin', 'https://ryansgrocery.com/wp-content/uploads/2024/01/Wild-Caught-SEACO-MSC-COD-LOIN-227gMSC-Certified-300x300.jpg', 9.99, 'Seafood', 117),
(165, 'Wild Caught Haddock Loin', 'https://ryansgrocery.com/wp-content/uploads/2024/01/Wild-CaughtSEACO-MSC-HADDOCK-LOIN-227g-300x300.jpg', 9.99, 'Seafood', 0),
(166, 'Wild Caught Salmon Fillet MSC Certified', 'https://ryansgrocery.com/wp-content/uploads/2024/01/Wild-Caught-Salmon-Fillet-MSC-Certified-300x300.jpg', 8.99, 'Seafood', 123),
(167, 'Wild Caught Seafood Alaska Black Cod Fish Portion Frozen', 'https://ryansgrocery.com/wp-content/uploads/2023/10/Black-Cod-Portion-1-1-300x205.png', 20.90, 'Seafood', 75),
(168, 'Wild Caught Seafood Alaska Sockeye Salmon Portion Frozen', 'https://ryansgrocery.com/wp-content/uploads/2023/10/Sockeye-Salmon-Portion-NEW-1-1-300x300.png', 14.50, 'Seafood', 84),
(169, 'Yellow Fin Tuna In Olive Oil', 'https://ryansgrocery.com/wp-content/uploads/2024/09/yellowfin-tuna_212ml-300x300.jpg', 11.95, 'Seafood', 0);

-- 4. Populate orders (Requires users)
-- Generating 200 orders spread between 2025-04-01 and 2025-08-10
-- Total amounts are pre-calculated based on the items in section 5
INSERT INTO orders (id, user_id, fulfilment_date, status, payment_method, total_amount, create_at) VALUES
(1, 1, '2025-04-01', 'Delivered', 'Credit Card', 45.49, '2025-03-30 10:00:00'),
(2, 5, '2025-04-01', 'Delivered', 'PayPal', 95.00, '2025-03-30 11:30:00'),
(3, 10, '2025-04-02', 'Delivered', 'Credit Card', 26.10, '2025-04-01 08:15:00'),
(4, 2, '2025-04-03', 'Shipped', 'Bank Transfer', 119.99, '2025-04-02 14:00:00'),
(5, 8, '2025-04-03', 'Delivered', 'Credit Card', 89.95, '2025-04-01 10:20:00'),
(6, 14, '2025-04-04', 'Delivered', 'PayPal', 125.00, '2025-04-02 16:55:00'),
(7, 3, '2025-04-05', 'Delivered', 'Credit Card', 10.49, '2025-04-04 09:10:00'),
(8, 11, '2025-04-06', 'Shipped', 'Credit Card', 117.00, '2025-04-04 11:05:00'),
(9, 7, '2025-04-06', 'Delivered', 'PayPal', 24.99, '2025-04-05 13:00:00'),
(10, 16, '2025-04-07', 'Delivered', 'Bank Transfer', 46.99, '2025-04-06 18:30:00'),
(11, 1, '2025-04-08', 'Delivered', 'Credit Card', 12.00, '2025-04-07 10:45:00'),
(12, 9, '2025-04-09', 'Shipped', 'Credit Card', 79.95, '2025-04-08 07:00:00'),
(13, 13, '2025-04-10', 'Delivered', 'PayPal', 20.00, '2025-04-09 12:15:00'),
(14, 6, '2025-04-10', 'Delivered', 'Credit Card', 49.50, '2025-04-08 14:20:00'),
(15, 18, '2025-04-11', 'Processing', 'Credit Card', 14.00, '2025-04-10 19:00:00'),
(16, 4, '2025-04-12', 'Delivered', 'Bank Transfer', 69.99, '2025-04-11 09:30:00'),
(17, 12, '2025-04-13', 'Delivered', 'Credit Card', 8.40, '2025-04-12 11:40:00'),
(18, 20, '2025-04-14', 'Delivered', 'PayPal', 15.99, '2025-04-13 16:00:00'),
(19, 5, '2025-04-15', 'Shipped', 'Credit Card', 14.99, '2025-04-14 08:50:00'),
(20, 15, '2025-04-15', 'Delivered', 'Credit Card', 110.00, '2025-04-13 10:10:00'),
(21, 1, '2025-04-16', 'Delivered', 'PayPal', 28.00, '2025-04-15 13:25:00'),
(22, 9, '2025-04-17', 'Delivered', 'Credit Card', 7.00, '2025-04-16 09:55:00'),
(23, 17, '2025-04-18', 'Processing', 'Bank Transfer', 89.00, '2025-04-17 15:00:00'),
(24, 2, '2025-04-19', 'Delivered', 'Credit Card', 19.99, '2025-04-18 11:10:00'),
(25, 10, '2025-04-20', 'Shipped', 'PayPal', 11.00, '2025-04-19 14:45:00'),
(26, 6, '2025-04-21', 'Delivered', 'Credit Card', 25.00, '2025-04-20 10:00:00'),
(27, 14, '2025-04-22', 'Delivered', 'Bank Transfer', 44.95, '2025-04-21 12:30:00'),
(28, 8, '2025-04-23', 'Delivered', 'Credit Card', 9.99, '2025-04-22 16:05:00'),
(29, 19, '2025-04-24', 'Processing', 'Credit Card', 12.50, '2025-04-23 17:00:00'),
(30, 3, '2025-04-25', 'Shipped', 'PayPal', 39.98, '2025-04-24 09:20:00'),
(31, 11, '2025-04-26', 'Delivered', 'Credit Card', 14.99, '2025-04-25 11:50:00'),
(32, 7, '2025-04-27', 'Delivered', 'Bank Transfer', 129.00, '2025-04-26 14:15:00'),
(33, 16, '2025-04-28', 'Delivered', 'Credit Card', 5.00, '2025-04-27 10:30:00'),
(34, 1, '2025-04-29', 'Shipped', 'PayPal', 89.99, '2025-04-28 13:40:00'),
(35, 13, '2025-04-30', 'Delivered', 'Credit Card', 3.99, '2025-04-29 08:00:00'),
(36, 5, '2025-05-01', 'Delivered', 'Credit Card', 40.00, '2025-04-30 10:10:00'),
(37, 10, '2025-05-02', 'Delivered', 'PayPal', 18.00, '2025-05-01 11:20:00'),
(38, 2, '2025-05-03', 'Shipped', 'Bank Transfer', 29.99, '2025-05-02 14:50:00'),
(39, 8, '2025-05-04', 'Delivered', 'Credit Card', 15.99, '2025-05-03 09:00:00'),
(40, 15, '2025-05-05', 'Processing', 'Credit Card', 199.00, '2025-05-04 16:30:00'),
(41, 1, '2025-05-06', 'Delivered', 'PayPal', 6.00, '2025-05-05 10:40:00'),
(42, 9, '2025-05-07', 'Delivered', 'Credit Card', 55.00, '2025-05-06 13:00:00'),
(43, 12, '2025-05-08', 'Shipped', 'Bank Transfer', 28.99, '2025-05-07 15:20:00'),
(44, 6, '2025-05-09', 'Delivered', 'Credit Card', 12.99, '2025-05-08 08:30:00'),
(45, 14, '2025-05-10', 'Delivered', 'PayPal', 7.99, '2025-05-09 11:15:00'),
(46, 4, '2025-05-11', 'Processing', 'Credit Card', 18.50, '2025-05-10 14:00:00'),
(47, 11, '2025-05-12', 'Delivered', 'Bank Transfer', 22.00, '2025-05-11 10:55:00'),
(48, 20, '2025-05-13', 'Delivered', 'Credit Card', 110.00, '2025-05-12 13:25:00'),
(49, 7, '2025-05-14', 'Shipped', 'PayPal', 11.00, '2025-05-13 09:40:00'),
(50, 16, '2025-05-15', 'Delivered', 'Credit Card', 35.00, '2025-05-14 12:00:00'),
(51, 1, '2025-05-16', 'Delivered', 'Bank Transfer', 8.50, '2025-05-15 15:10:00'),
(52, 10, '2025-05-17', 'Processing', 'Credit Card', 12.00, '2025-05-16 10:05:00'),
(53, 5, '2025-05-18', 'Delivered', 'PayPal', 25.00, '2025-05-17 11:35:00'),
(54, 13, '2025-05-19', 'Delivered', 'Credit Card', 9.50, '2025-05-18 14:20:00'),
(55, 8, '2025-05-20', 'Shipped', 'Bank Transfer', 42.00, '2025-05-19 09:50:00'),
(56, 17, '2025-05-21', 'Delivered', 'Credit Card', 130.00, '2025-05-20 16:00:00'),
(57, 2, '2025-05-22', 'Processing', 'Credit Card', 15.99, '2025-05-21 10:30:00'),
(58, 9, '2025-05-23', 'Delivered', 'PayPal', 29.99, '2025-05-22 13:45:00'),
(59, 15, '2025-05-24', 'Delivered', 'Bank Transfer', 14.00, '2025-05-23 08:15:00'),
(60, 6, '2025-05-25', 'Shipped', 'Credit Card', 115.00, '2025-05-24 11:00:00'),
(61, 14, '2025-05-26', 'Delivered', 'Credit Card', 19.95, '2025-05-25 14:40:00'),
(62, 4, '2025-05-27', 'Processing', 'PayPal', 8.50, '2025-05-26 09:25:00'),
(63, 11, '2025-05-28', 'Delivered', 'Bank Transfer', 24.99, '2025-05-27 12:10:00'),
(64, 19, '2025-05-29', 'Delivered', 'Credit Card', 55.00, '2025-05-28 15:30:00'),
(65, 7, '2025-05-30', 'Shipped', 'Credit Card', 3.50, '2025-05-29 10:50:00'),
(66, 16, '2025-05-31', 'Delivered', 'PayPal', 12.99, '2025-05-30 13:05:00'),
(67, 1, '2025-06-01', 'Processing', 'Bank Transfer', 130.00, '2025-05-31 08:45:00'),
(68, 10, '2025-06-02', 'Delivered', 'Credit Card', 15.00, '2025-06-01 11:25:00'),
(69, 5, '2025-06-03', 'Delivered', 'Credit Card', 99.00, '2025-06-02 14:10:00'),
(70, 13, '2025-06-04', 'Shipped', 'PayPal', 24.00, '2025-06-03 09:35:00'),
(71, 8, '2025-06-05', 'Delivered', 'Bank Transfer', 14.99, '2025-06-04 12:50:00'),
(72, 18, '2025-06-06', 'Processing', 'Credit Card', 149.99, '2025-06-05 16:15:00'),
(73, 2, '2025-06-07', 'Delivered', 'Credit Card', 7.50, '2025-06-06 10:20:00'),
(74, 9, '2025-06-08', 'Delivered', 'PayPal', 119.99, '2025-06-07 13:00:00'),
(75, 15, '2025-06-09', 'Shipped', 'Bank Transfer', 18.00, '2025-06-08 08:00:00'),
(76, 6, '2025-06-10', 'Delivered', 'Credit Card', 48.00, '2025-06-09 11:45:00'),
(77, 14, '2025-06-11', 'Processing', 'Credit Card', 15.99, '2025-06-10 14:30:00'),
(78, 4, '2025-06-12', 'Delivered', 'PayPal', 21.50, '2025-06-11 09:10:00'),
(79, 11, '2025-06-13', 'Delivered', 'Bank Transfer', 5.50, '2025-06-12 12:25:00'),
(80, 20, '2025-06-14', 'Shipped', 'Credit Card', 175.00, '2025-06-13 15:00:00'),
(81, 7, '2025-06-15', 'Delivered', 'Credit Card', 12.00, '2025-06-14 10:40:00'),
(82, 16, '2025-06-16', 'Processing', 'PayPal', 8.99, '2025-06-15 13:50:00'),
(83, 1, '2025-06-17', 'Delivered', 'Bank Transfer', 29.99, '2025-06-16 08:20:00'),
(84, 10, '2025-06-18', 'Delivered', 'Credit Card', 35.00, '2025-06-17 11:05:00'),
(85, 5, '2025-06-19', 'Shipped', 'Credit Card', 129.00, '2025-06-18 14:55:00'),
(86, 13, '2025-06-20', 'Delivered', 'PayPal', 11.00, '2025-06-19 09:50:00'),
(87, 8, '2025-06-21', 'Processing', 'Bank Transfer', 49.99, '2025-06-20 12:35:00'),
(88, 17, '2025-06-22', 'Delivered', 'Credit Card', 90.00, '2025-06-21 16:20:00'),
(89, 2, '2025-06-23', 'Delivered', 'Credit Card', 6.99, '2025-06-22 10:10:00'),
(90, 9, '2025-06-24', 'Shipped', 'PayPal', 5.50, '2025-06-23 13:30:00'),
(91, 15, '2025-06-25', 'Delivered', 'Bank Transfer', 15.50, '2025-06-24 08:40:00'),
(92, 6, '2025-06-26', 'Processing', 'Credit Card', 28.50, '2025-06-25 11:55:00'),
(93, 14, '2025-06-27', 'Delivered', 'Credit Card', 12.50, '2025-06-26 14:45:00'),
(94, 4, '2025-06-28', 'Delivered', 'PayPal', 24.99, '2025-06-27 09:00:00'),
(95, 11, '2025-06-29', 'Shipped', 'Bank Transfer', 14.50, '2025-06-28 12:15:00'),
(96, 19, '2025-06-30', 'Delivered', 'Credit Card', 3.20, '2025-06-29 15:05:00'),
(97, 7, '2025-07-01', 'Processing', 'Credit Card', 75.00, '2025-06-30 10:25:00'),
(98, 16, '2025-07-02', 'Delivered', 'PayPal', 22.00, '2025-07-01 13:10:00'),
(99, 1, '2025-07-03', 'Delivered', 'Bank Transfer', 119.00, '2025-07-02 08:55:00'),
(100, 10, '2025-07-04', 'Shipped', 'Credit Card', 2.80, '2025-07-03 11:40:00'),
(101, 5, '2025-07-05', 'Delivered', 'Credit Card', 16.50, '2025-07-04 14:25:00'),
(102, 13, '2025-07-06', 'Processing', 'PayPal', 12.99, '2025-07-05 09:15:00'),
(103, 8, '2025-07-07', 'Delivered', 'Bank Transfer', 99.50, '2025-07-06 12:00:00'),
(104, 18, '2025-07-08', 'Delivered', 'Credit Card', 4.50, '2025-07-07 15:40:00'),
(105, 2, '2025-07-09', 'Shipped', 'Credit Card', 29.99, '2025-07-08 10:00:00'),
(106, 9, '2025-07-10', 'Delivered', 'PayPal', 25.00, '2025-07-09 13:20:00'),
(107, 15, '2025-07-11', 'Processing', 'Bank Transfer', 39.99, '2025-07-10 08:30:00'),
(108, 6, '2025-07-12', 'Delivered', 'Credit Card', 14.00, '2025-07-11 11:10:00'),
(109, 14, '2025-07-13', 'Delivered', 'Credit Card', 42.50, '2025-07-12 14:05:00'),
(110, 4, '2025-07-14', 'Shipped', 'PayPal', 6.00, '2025-07-13 09:45:00'),
(111, 11, '2025-07-15', 'Delivered', 'Bank Transfer', 15.95, '2025-07-14 12:55:00'),
(112, 20, '2025-07-16', 'Processing', 'Credit Card', 85.00, '2025-07-15 16:30:00'),
(113, 7, '2025-07-17', 'Delivered', 'Credit Card', 3.80, '2025-07-16 10:15:00'),
(114, 16, '2025-07-18', 'Delivered', 'PayPal', 58.00, '2025-07-17 13:35:00'),
(115, 1, '2025-07-19', 'Shipped', 'Bank Transfer', 9.99, '2025-07-18 08:05:00'),
(116, 10, '2025-07-20', 'Delivered', 'Credit Card', 45.00, '2025-07-19 11:50:00'),
(117, 5, '2025-07-21', 'Processing', 'Credit Card', 4.10, '2025-07-20 14:50:00'),
(118, 13, '2025-07-22', 'Delivered', 'PayPal', 22.00, '2025-07-21 09:20:00'),
(119, 8, '2025-07-23', 'Delivered', 'Bank Transfer', 55.00, '2025-07-22 12:40:00'),
(120, 17, '2025-07-24', 'Shipped', 'Credit Card', 19.99, '2025-07-23 16:00:00'),
(121, 2, '2025-07-25', 'Delivered', 'Credit Card', 149.00, '2025-07-24 10:35:00'),
(122, 9, '2025-07-26', 'Processing', 'PayPal', 11.00, '2025-07-25 13:15:00'),
(123, 15, '2025-07-27', 'Delivered', 'Bank Transfer', 39.99, '2025-07-26 08:45:00'),
(124, 6, '2025-07-28', 'Delivered', 'Credit Card', 28.00, '2025-07-27 11:30:00'),
(125, 14, '2025-07-29', 'Shipped', 'Credit Card', 24.95, '2025-07-28 14:20:00'),
(126, 4, '2025-07-30', 'Delivered', 'PayPal', 70.00, '2025-07-29 09:05:00'),
(127, 11, '2025-07-31', 'Processing', 'Bank Transfer', 25.50, '2025-07-30 12:20:00'),
(128, 19, '2025-08-01', 'Delivered', 'Credit Card', 12.99, '2025-07-31 15:50:00'),
(129, 7, '2025-08-02', 'Delivered', 'Credit Card', 59.95, '2025-08-01 10:10:00'),
(130, 16, '2025-08-03', 'Shipped', 'PayPal', 35.00, '2025-08-02 13:40:00'),
(131, 1, '2025-08-04', 'Delivered', 'Bank Transfer', 115.00, '2025-08-03 08:25:00'),
(132, 10, '2025-08-05', 'Processing', 'Credit Card', 19.99, '2025-08-04 11:15:00'),
(133, 5, '2025-08-06', 'Delivered', 'Credit Card', 9.99, '2025-08-05 14:35:00'),
(134, 13, '2025-08-07', 'Delivered', 'PayPal', 15.99, '2025-08-06 09:30:00'),
(135, 8, '2025-08-08', 'Shipped', 'Bank Transfer', 18.00, '2025-08-07 12:50:00'),
(136, 20, '2025-08-09', 'Processing', 'Credit Card', 49.50, '2025-08-08 16:10:00'),
(137, 2, '2025-08-10', 'Pending', 'Credit Card', 22.50, '2025-08-09 10:00:00'),
(138, 9, '2025-04-01', 'Delivered', 'PayPal', 39.99, '2025-03-30 12:00:00'),
(139, 15, '2025-04-02', 'Delivered', 'Bank Transfer', 19.99, '2025-03-31 09:00:00'),
(140, 6, '2025-04-02', 'Delivered', 'Credit Card', 75.00, '2025-04-01 14:00:00'),
(141, 14, '2025-04-03', 'Shipped', 'Credit Card', 30.00, '2025-04-02 10:00:00'),
(142, 4, '2025-04-04', 'Delivered', 'PayPal', 22.00, '2025-04-03 13:00:00'),
(143, 11, '2025-04-05', 'Delivered', 'Bank Transfer', 115.00, '2025-04-04 15:00:00'),
(144, 19, '2025-04-06', 'Processing', 'Credit Card', 4.20, '2025-04-05 17:00:00'),
(145, 7, '2025-04-07', 'Delivered', 'Credit Card', 29.99, '2025-04-06 09:00:00'),
(146, 16, '2025-04-08', 'Shipped', 'PayPal', 11.00, '2025-04-07 12:00:00'),
(147, 1, '2025-04-09', 'Delivered', 'Bank Transfer', 59.00, '2025-04-08 14:00:00'),
(148, 10, '2025-04-10', 'Processing', 'Credit Card', 28.99, '2025-04-09 16:00:00'),
(149, 5, '2025-04-11', 'Delivered', 'Credit Card', 24.00, '2025-04-10 10:00:00'),
(150, 13, '2025-04-12', 'Delivered', 'PayPal', 9.99, '2025-04-11 13:00:00'),
(151, 8, '2025-04-13', 'Shipped', 'Bank Transfer', 149.99, '2025-04-12 15:00:00'),
(152, 17, '2025-04-14', 'Delivered', 'Credit Card', 7.50, '2025-04-13 17:00:00'),
(153, 2, '2025-04-15', 'Processing', 'Credit Card', 5.00, '2025-04-14 09:00:00'),
(154, 9, '2025-04-16', 'Delivered', 'PayPal', 14.99, '2025-04-15 12:00:00'),
(155, 15, '2025-04-17', 'Delivered', 'Bank Transfer', 25.00, '2025-04-16 14:00:00'),
(156, 6, '2025-04-18', 'Shipped', 'Credit Card', 38.00, '2025-04-17 16:00:00'),
(157, 14, '2025-04-19', 'Delivered', 'Credit Card', 6.00, '2025-04-18 10:00:00'),
(158, 4, '2025-04-20', 'Processing', 'PayPal', 19.95, '2025-04-19 13:00:00'),
(159, 11, '2025-04-21', 'Delivered', 'Bank Transfer', 5.50, '2025-04-20 15:00:00'),
(160, 20, '2025-04-22', 'Shipped', 'Credit Card', 12.00, '2025-04-21 17:00:00'),
(161, 7, '2025-04-23', 'Delivered', 'Credit Card', 8.99, '2025-04-22 09:00:00'),
(162, 16, '2025-04-24', 'Processing', 'PayPal', 22.00, '2025-04-23 12:00:00'),
(163, 1, '2025-04-25', 'Delivered', 'Bank Transfer', 110.00, '2025-04-24 14:00:00'),
(164, 10, '2025-04-26', 'Delivered', 'Credit Card', 28.99, '2025-04-25 16:00:00'),
(165, 5, '2025-04-27', 'Shipped', 'Credit Card', 14.50, '2025-04-26 10:00:00'),
(166, 13, '2025-04-28', 'Delivered', 'PayPal', 9.95, '2025-04-27 13:00:00'),
(167, 8, '2025-04-29', 'Processing', 'Bank Transfer', 16.50, '2025-04-28 15:00:00'),
(168, 18, '2025-04-30', 'Delivered', 'Credit Card', 24.99, '2025-04-29 17:00:00'),
(169, 2, '2025-05-01', 'Delivered', 'Credit Card', 59.95, '2025-04-30 09:00:00'),
(170, 9, '2025-05-02', 'Shipped', 'PayPal', 9.99, '2025-05-01 12:00:00'),
(171, 15, '2025-05-03', 'Delivered', 'Bank Transfer', 21.50, '2025-05-02 14:00:00'),
(172, 6, '2025-05-04', 'Processing', 'Credit Card', 69.99, '2025-05-03 16:00:00'),
(173, 14, '2025-05-05', 'Delivered', 'Credit Card', 39.99, '2025-05-04 10:00:00'),
(174, 4, '2025-05-06', 'Delivered', 'PayPal', 35.00, '2025-05-05 13:00:00'),
(175, 11, '2025-05-07', 'Shipped', 'Bank Transfer', 42.50, '2025-05-06 15:00:00'),
(176, 19, '2025-05-08', 'Delivered', 'Credit Card', 12.99, '2025-05-07 17:00:00'),
(177, 7, '2025-05-09', 'Processing', 'Credit Card', 115.00, '2025-05-08 09:00:00'),
(178, 16, '2025-05-10', 'Delivered', 'PayPal', 39.99, '2025-05-09 12:00:00'),
(179, 1, '2025-05-11', 'Delivered', 'Bank Transfer', 175.00, '2025-05-10 14:00:00'),
(180, 10, '2025-05-12', 'Shipped', 'Credit Card', 28.50, '2025-05-11 16:00:00'),
(181, 5, '2025-05-13', 'Delivered', 'Credit Card', 15.95, '2025-05-12 10:00:00'),
(182, 13, '2025-05-14', 'Processing', 'PayPal', 3.20, '2025-05-13 13:00:00'),
(183, 8, '2025-05-15', 'Delivered', 'Bank Transfer', 4.50, '2025-05-14 15:00:00'),
(184, 20, '2025-05-16', 'Delivered', 'Credit Card', 4.10, '2025-05-15 17:00:00'),
(185, 2, '2025-05-17', 'Shipped', 'Credit Card', 25.50, '2025-05-16 09:00:00'),
(186, 9, '2025-05-18', 'Delivered', 'PayPal', 49.50, '2025-05-17 12:00:00'),
(187, 15, '2025-05-19', 'Processing', 'Bank Transfer', 65.00, '2025-05-18 14:00:00'),
(188, 6, '2025-05-20', 'Delivered', 'Credit Card', 70.00, '2025-05-19 16:00:00'),
(189, 14, '2025-05-21', 'Delivered', 'Credit Card', 28.00, '2025-05-20 10:00:00'),
(190, 4, '2025-05-22', 'Shipped', 'PayPal', 22.50, '2025-05-21 13:00:00'),
(191, 11, '2025-05-23', 'Delivered', 'Bank Transfer', 2.50, '2025-05-22 15:00:00'),
(192, 17, '2025-05-24', 'Processing', 'Credit Card', 1.80, '2025-05-23 17:00:00'),
(193, 7, '2025-05-25', 'Delivered', 'Credit Card', 4.50, '2025-05-24 09:00:00'),
(194, 16, '2025-05-26', 'Delivered', 'PayPal', 7.00, '2025-05-25 12:00:00'),
(195, 1, '2025-05-27', 'Shipped', 'Bank Transfer', 35.00, '2025-05-26 14:00:00'),
(196, 10, '2025-05-28', 'Delivered', 'Credit Card', 120.00, '2025-05-27 16:00:00'),
(197, 5, '2025-05-29', 'Processing', 'Credit Card', 45.00, '2025-05-28 10:00:00'),
(198, 3, '2025-08-09', 'Processing', 'Credit Card', 144.99, '2025-08-08 11:10:00'),
(199, 12, '2025-08-09', 'Pending', 'PayPal', 40.00, '2025-08-08 17:25:00'),
(200, 1, '2025-08-10', 'Pending', 'Credit Card', 112.00, '2025-08-09 10:00:00');

-- 5. Populate order_item (Requires orders and product)
-- Generating items for the 200 orders created above
INSERT INTO order_item (id, order_id, product_id, quantity, transacted_unit_price) VALUES
(1, 1, 11, 1, 19.99), (2, 1, 2, 1, 25.50), 
(3, 2, 16, 1, 95.00), 
(4, 3, 21, 1, 22.50), (5, 3, 25, 2, 1.80), 
(6, 4, 7, 1, 119.99), 
(7, 5, 3, 1, 89.95), 
(8, 6, 15, 1, 65.00), (9, 6, 14, 1, 55.00), 
(10, 7, 22, 1, 3.99), (11, 7, 27, 1, 4.50), (12, 7, 23, 1, 2.50),
(13, 8, 41, 1, 32.00), (14, 8, 42, 1, 85.00), 
(15, 9, 36, 1, 24.99), 
(16, 10, 35, 1, 45.00), (17, 10, 25, 1, 1.80), 
(18, 11, 38, 1, 12.00),
(19, 12, 33, 1, 79.95),
(20, 13, 48, 1, 20.00),
(21, 14, 13, 1, 49.50),
(22, 15, 69, 1, 14.00),
(23, 16, 126, 1, 69.99),
(24, 17, 64, 2, 4.20), 
(25, 18, 43, 1, 15.99),
(26, 19, 59, 1, 14.99),
(27, 20, 46, 1, 110.00), 
(28, 21, 19, 1, 28.00),
(29, 22, 29, 1, 7.00), 
(30, 23, 77, 1, 89.00),
(31, 24, 12, 1, 19.99),
(32, 25, 68, 1, 11.00),
(33, 26, 45, 1, 25.00),
(34, 27, 81, 1, 44.95),
(35, 28, 26, 1, 9.99), 
(36, 29, 89, 1, 12.50),
(37, 30, 11, 2, 19.99),
(39, 31, 94, 1, 3.50), 
(38, 31, 59, 1, 14.99), 
(40, 32, 101, 1, 129.00),
(41, 33, 24, 1, 5.00), 
(42, 34, 102, 1, 89.99),
(43, 35, 22, 1, 3.99),
(44, 36, 53, 1, 40.00), 
(45, 37, 82, 1, 18.00), 
(46, 38, 84, 1, 29.99), 
(47, 39, 83, 1, 15.99), 
(48, 40, 39, 1, 199.00),
(49, 41, 62, 1, 6.00),
(50, 42, 40, 1, 55.00), 
(51, 43, 106, 1, 28.99),
(52, 44, 51, 1, 12.99), 
(53, 45, 63, 1, 7.99),
(54, 46, 52, 1, 18.50), 
(55, 47, 55, 1, 22.00), 
(56, 48, 123, 1, 110.00), 
(57, 49, 68, 1, 11.00), 
(58, 50, 131, 1, 35.00),
(59, 51, 61, 1, 8.50),
(60, 52, 38, 1, 12.00), 
(61, 53, 85, 1, 25.00), 
(62, 54, 67, 1, 9.50),
(63, 55, 47, 1, 42.00), 
(64, 56, 56, 1, 130.00),
(65, 57, 43, 1, 15.99), 
(66, 58, 84, 1, 29.99), 
(67, 59, 69, 1, 14.00), 
(68, 60, 78, 1, 115.00),
(69, 61, 60, 1, 19.95), 
(70, 62, 61, 1, 8.50),
(71, 63, 116, 1, 24.99),
(72, 64, 40, 1, 55.00), 
(73, 65, 94, 1, 3.50),
(74, 66, 135, 1, 12.99),
(75, 67, 79, 1, 130.00),
(76, 68, 57, 1, 15.00), 
(77, 69, 72, 1, 99.00), 
(78, 70, 73, 1, 24.00), 
(79, 71, 59, 1, 14.99), 
(80, 72, 76, 1, 149.99),
(81, 73, 87, 1, 7.50),
(82, 74, 7, 1, 119.99), 
(83, 75, 82, 1, 18.00), 
(84, 76, 58, 1, 48.00), 
(85, 77, 83, 1, 15.99), 
(86, 78, 125, 1, 21.50),
(87, 79, 91, 1, 5.50),
(88, 80, 141, 1, 175.00), 
(89, 81, 38, 1, 12.00),
(90, 82, 98, 1, 8.99), 
(91, 83, 84, 1, 29.99), 
(92, 84, 131, 1, 35.00), 
(93, 85, 101, 1, 129.00), 
(94, 86, 68, 1, 11.00), 
(95, 87, 142, 1, 49.99),
(96, 88, 139, 1, 90.00), 
(97, 89, 90, 1, 6.99), 
(98, 90, 92, 1, 5.50), 
(99, 91, 99, 1, 15.50),
(100, 92, 143, 1, 28.50), 
(101, 93, 89, 1, 12.50), 
(102, 94, 116, 1, 24.99), 
(103, 95, 107, 1, 14.50), 
(104, 96, 146, 1, 3.20),
(105, 97, 144, 1, 75.00), 
(106, 98, 100, 1, 22.00), 
(107, 99, 123, 1, 119.00),
(108, 100, 147, 1, 2.80), 
(109, 101, 74, 1, 16.50), 
(110, 102, 135, 1, 12.99),
(111, 103, 127, 1, 99.50),
(112, 104, 148, 1, 4.50), 
(113, 105, 114, 1, 29.99),
(114, 106, 45, 1, 25.00), 
(115, 107, 138, 1, 39.99),
(116, 108, 120, 1, 14.00),
(117, 109, 132, 1, 42.50),
(118, 110, 93, 1, 6.00), 
(119, 111, 145, 1, 15.95),
(120, 112, 130, 1, 85.00),
(121, 113, 149, 1, 3.80), 
(122, 114, 137, 1, 58.00),
(123, 115, 124, 1, 9.99), 
(126, 116, 107, 1, 14.50), 
(124, 116, 109, 1, 18.00), (125, 116, 108, 1, 25.00), 
(127, 117, 150, 1, 4.10), 
(128, 118, 115, 1, 22.00),
(129, 119, 119, 1, 55.00),
(130, 120, 117, 1, 19.99),
(131, 121, 121, 1, 149.00),
(132, 122, 112, 1, 11.00),
(133, 123, 129, 1, 39.99),
(134, 124, 133, 1, 28.00),
(135, 125, 128, 1, 24.95),
(136, 126, 17, 1, 70.00), 
(137, 127, 2, 1, 25.50), 
(138, 128, 135, 1, 12.99),
(139, 129, 122, 1, 59.95), 
(140, 130, 140, 1, 35.00), 
(141, 131, 136, 1, 115.00), 
(142, 132, 12, 1, 19.99), 
(143, 133, 75, 1, 9.99), 
(144, 134, 83, 1, 15.99),
(145, 135, 82, 1, 18.00),
(146, 136, 13, 1, 49.50),
(147, 137, 21, 1, 22.50),
(148, 138, 129, 1, 39.99), 
(149, 139, 11, 1, 19.99), 
(150, 140, 6, 1, 75.00), 
(151, 141, 18, 1, 30.00), 
(152, 142, 55, 1, 22.00), 
(153, 143, 136, 1, 115.00),
(154, 144, 64, 1, 4.20), 
(155, 145, 34, 1, 29.99), 
(156, 146, 68, 1, 11.00), 
(157, 147, 71, 1, 59.00), 
(158, 148, 70, 1, 28.99), 
(159, 149, 73, 1, 24.00), 
(160, 150, 75, 1, 9.99), 
(161, 151, 76, 1, 149.99), 
(162, 152, 87, 1, 7.50), 
(163, 153, 88, 1, 5.00), 
(165, 154, 94, 1, 3.50),
(164, 154, 59, 1, 14.99), 
(166, 155, 85, 1, 25.00), 
(167, 156, 86, 1, 38.00), 
(168, 157, 62, 1, 6.00), 
(169, 158, 60, 1, 19.95), 
(170, 159, 91, 1, 5.50),
(171, 160, 96, 1, 19.95), (172, 160, 94, 1, 3.50),
-- Order 160 items:
(173, 161, 98, 1, 8.99), 
(174, 162, 100, 1, 22.00),
(176, 163, 105, 1, 45.00), (177, 163, 102, 1, 89.99), 
(175, 163, 104, 1, 110.00), 
(178, 164, 106, 1, 28.99), 
(179, 165, 107, 1, 14.50), 
(180, 166, 111, 1, 9.95), 
(181, 167, 113, 1, 16.50), 
(182, 168, 116, 1, 24.99), 
(183, 169, 122, 1, 59.95), 
(184, 170, 124, 1, 9.99), 
(185, 171, 125, 1, 21.50), 
(186, 172, 126, 1, 69.99), 
(187, 173, 129, 1, 39.99), 
(188, 174, 131, 1, 35.00), 
(189, 175, 132, 1, 42.50), 
(190, 176, 135, 1, 12.99), 
(191, 177, 136, 1, 115.00), 
(192, 178, 138, 1, 39.99), 
(193, 179, 141, 1, 175.00), 
(194, 180, 143, 1, 28.50), 
(195, 181, 145, 1, 15.95), 
(196, 182, 146, 1, 3.20), 
(197, 183, 148, 1, 4.50), 
(198, 184, 150, 1, 4.10), 
(199, 185, 2, 1, 25.50),  
(200, 186, 13, 1, 49.50), 
(201, 187, 15, 1, 65.00), 
(202, 188, 17, 1, 70.00), 
(203, 189, 19, 1, 28.00), 
(204, 190, 21, 1, 22.50), 
(205, 191, 23, 1, 2.50),  
(206, 192, 25, 1, 1.80),  
(207, 193, 27, 1, 4.50),  
(208, 194, 29, 1, 7.00),  
(209, 195, 31, 1, 35.00), 
(210, 196, 32, 1, 120.00), 
(211, 197, 35, 1, 45.00), 
(212, 198, 7, 1, 119.99), (213, 198, 54, 1, 25.00), 
(214, 199, 20, 1, 40.00),
(215, 200, 17, 1, 70.00), (216, 200, 47, 1, 42.00); 

-- 6. Populate shoppingcart_item (Requires shoppingcart and product)
-- Generating 150 items across various user shopping carts (carts 1-20)
INSERT INTO shoppingcart_item (id, product_id, shopping_cart_id, quantity) VALUES
(1, 5, 1, 1), (2, 13, 1, 1), (3, 2, 3, 2), (4, 31, 8, 1), (5, 41, 11, 1),
(6, 42, 11, 1), (7, 1, 2, 1), (8, 6, 5, 1), (9, 21, 10, 3), (10, 25, 10, 5),
(11, 51, 4, 1), (12, 53, 4, 1), (13, 66, 7, 2), (14, 70, 9, 1), (15, 15, 14, 1),
(16, 18, 14, 2), (17, 28, 16, 4), (18, 35, 16, 1), (19, 45, 19, 1), (20, 149, 20, 1),
(21, 3, 1, 1), (22, 10, 2, 1), (23, 22, 3, 1), (24, 33, 4, 1), (25, 44, 5, 1),
(26, 55, 6, 1), (27, 60, 7, 2), (28, 71, 8, 1), (29, 12, 9, 3), (30, 26, 10, 1),
(31, 37, 11, 1), (32, 48, 12, 2), (33, 59, 13, 1), (34, 64, 14, 1), (35, 75, 15, 1),
(36, 4, 16, 1), (37, 14, 17, 1), (38, 24, 18, 2), (39, 34, 19, 1), (40, 40, 20, 1),
(41, 80, 1, 1), (42, 90, 2, 5), (43, 100, 3, 1), (44, 110, 4, 1), (45, 120, 5, 1),
(46, 130, 6, 1), (47, 140, 7, 1), (48, 150, 8, 1), (49, 7, 9, 1), (50, 17, 10, 1),
(51, 27, 11, 3), (52, 38, 12, 1), (53, 47, 13, 1), (54, 57, 14, 2), (55, 68, 15, 4),
(56, 79, 16, 1), (57, 89, 17, 1), (58, 98, 18, 1), (59, 107, 19, 2), (60, 116, 20, 1),
(61, 125, 1, 1), (62, 133, 2, 1), (63, 142, 3, 1), (64, 8, 4, 1), (65, 16, 5, 1),
(66, 23, 6, 6), (67, 30, 7, 2), (68, 43, 8, 1), (69, 53, 9, 1), (70, 61, 10, 2),
(71, 72, 11, 1), (72, 82, 12, 1), (73, 92, 13, 1), (74, 101, 14, 1), (75, 111, 15, 1),
(76, 121, 16, 1), (77, 131, 17, 1), (78, 141, 18, 1), (79, 148, 19, 1), (80, 5, 20, 1),
(81, 13, 1, 2), (82, 2, 2, 1), (83, 31, 3, 1), (84, 41, 4, 1), (85, 42, 5, 1),
(86, 1, 6, 1), (87, 6, 7, 1), (88, 21, 8, 1), (89, 25, 9, 2), (90, 51, 10, 1),
(91, 53, 11, 1), (92, 66, 12, 1), (93, 70, 13, 1), (94, 15, 14, 1), (95, 18, 15, 1),
(96, 28, 16, 1), (97, 35, 17, 1), (98, 45, 18, 1), (99, 149, 19, 1), (100, 3, 20, 1),
(101, 10, 1, 1), (102, 22, 2, 1), (103, 33, 3, 1), (104, 44, 4, 1), (105, 55, 5, 1),
(106, 60, 6, 1), (107, 71, 7, 1), (108, 12, 8, 1), (109, 26, 9, 1), (110, 37, 10, 1),
(111, 48, 11, 1), (112, 59, 12, 1), (113, 64, 13, 1), (114, 75, 14, 1), (115, 4, 15, 1),
(116, 14, 16, 1), (117, 24, 17, 1), (118, 34, 18, 1), (119, 40, 19, 1), (120, 80, 20, 1),
(121, 90, 1, 1), (122, 100, 2, 1), (123, 110, 3, 1), (124, 120, 4, 1), (125, 130, 5, 1),
(126, 140, 6, 1), (127, 150, 7, 1), (128, 7, 8, 1), (129, 17, 9, 1), (130, 27, 10, 1),
(131, 38, 11, 1), (132, 47, 12, 1), (133, 57, 13, 1), (134, 68, 14, 1), (135, 79, 15, 1),
(136, 89, 16, 1), (137, 98, 17, 1), (138, 107, 18, 1), (139, 116, 19, 1), (140, 125, 20, 1),
(141, 133, 1, 1), (142, 142, 2, 1), (143, 8, 3, 1), (144, 16, 4, 1), (145, 23, 5, 1),
(146, 30, 6, 1), (147, 43, 7, 1), (148, 53, 8, 1), (149, 61, 9, 1), (150, 72, 10, 1);